1000 Names,Bulgarie,
12 Rounds,Etats-Unis,Madison
13th Hole,France,Rennes
22 Pistepirkko,Finlande,Utajärvi
24.7 Spyz,Etats-Unis,New-York
2 Bal 2 Neg',France,Chelles
2 Many Djs,Belgique,
3 Mustaphas 3,Royaume-Uni,Londres
4 ??????? ?????,Russie,
50 Miles From Vancouver,France,Brest
64 Dollar Question,France,Caen
69,France,
78 RPM Selector,Inde,
808 State,Royaume-Uni,Manchester
Abraham Inc.,Royaume-Uni,
Abstrackt Keal Agram,France,Morlaix
Accrorap,France,
Ace,France ,Nancy
Acid Arab,France,Paris
Acid Brass,Royaume-Uni,
AD,France,Rennes
A.D.O.R.,Etats-Unis,Mount Vernon
Adrian Veidt,France,Rennes
Aeroplane,Belgique,
Aesop Rock,Etats-Unis ,New-York
Affection Place,France,Lyon
Africa Unite,Italie ,Turin
Afro Celt Sound System,Royaume-Uni,Londres
Afro Jazz,France,
Agent Side Grinder,Suède,
Age of Chance,Royaume-Uni,Leeds
Agoria,France,Lyon
Aï,France,Paris
Aipa'Atout,France,Rennes
Aïsha Kandisha's Jarring Effects,Maroc,
Aïwa,France ,Rennes
Aj Croce,Etats-Unis,San Diego
Akabu,Royaume-Uni,
Aktuel Force,France,
Alabama 3,Royaume-Uni,Londres
Alan Stivell,France,
Albert Hammond Jr,Etats-Unis ,New-York
Alec Metric (Live),Royaume-Uni,
Alee,France ,Rennes
Alejandro Escovedo,Etats-Unis,Austin
Alexander Kowalski,Allemagne,Berlin
Alexander Tucker,Royaume-Uni,Londres
Alex Grenier,France,
Ali Hassan Kuban,Egypte,Le Caire
Alliance Ethnik,France,Creil
Alphaat,France,Nantes
Alphabet,France,Rennes
Alsarah & The Nubatones,Soudan,
Amadou & Mariam,Mali,Bamako
Amon Tobin,Brésil,
Amp Fiddler,Etats-Unis ,Detroit
Anches Doo Too Cool Duo,France,Rennes
Anches Doo Too Cool Duo,France,Rennes
Andre Bratten,Norvège,Oslo
André Roque,France ,Rennes
Andrew More,France,Paris
Andy Bag,France,
 And You'll Know Us By The Trail Of Dead,Etats-Unis ,Austin
Anechoic Chamber,France,Strasbourg
An Experiment On A Bird In The Air Pump,Royaume-Uni,Londres
Ani DiFranco,Etats-Unis,New-York
Animal Chuki,Pérou,Lima
Añjel I.K.,France,
Anna Palm,Royaume-Uni,Londres
Annie Ebrel,France,
An Pierlé,Belgique,
Anthony Joseph & The Spasm Band feat Joe Bowie,Trinidad & Tobago,Trinidad
Anti Pop Consortium,Etats-Unis ,New-York
Aphrodite,Royaume-Uni,Londres
Apochela,France,Rennes
Apple Mosaïc,Royaume-Uni,Bristol
April March,Etats-Unis ,New-York
Archipel,France,
Arling & Cameron,Pays-Bas,Berlin
Arno,Belgique,
Arno,Belgique,Ostende
A,Royaume-Uni,Suffolk
Ar Re Yaouank,France,
A.S. Dragon,France,Paris
Ash,Irlande,Downpatrick
Ashley Beedle,Royaume-Uni,Londres
Ashley MacIsaac,Canada,Toronto
Ashley Slater,Royaume-Uni,Brighton
Assassin,France,Paris
Astrodynamics,France,Rennes
A Subtle Plague,Etats-Unis,San Francisco
Athlete,Royaume-Uni,Depford
Atom,France,Rennes
Atomic Swing,Suède,Stockholm
Atom Rhumba,Espagne,
AtomTM,Allemagne,
A-Trak,Canada,Montréal
A Tribe Called Red,Canada,Ottawa
Attaque,Royaume-Uni,Colchester
At The Drive In,Etats-Unis ,El Paso
Attica Blues,Royaume-Uni,Londres
Attila Project,France,
Audio Active,Japon,
Audio Bullys Sound System,Royaume-Uni,Londres
Audrey Katz,France,Paris
Aufgang,Luxembourg,
Au Milieu Des Choses,France,
Au P'tit Bonheur,France,Paris
Autokratz,Royaume-Uni, 
Ava Luna,Etats-Unis,
Avondale Airforce,Etats-Unis,
Avril,France,Paris
A-Wa,Yémen,
Awesome Tapes From Africa,Etats-Unis,
Axel Krygier,Argentine,Buenos Aires
Azaxx,France ,Rennes
B3,France,Saint-Brieuc
Baaba Maal,Sénégal,Podor
Baadman,France,Caen
Babar Luck,Royaume-Uni,Londres
Baba Touré,Côte d'Ivoire,Abidjan
Babe,France,
Babylon Fighters,France,Saint-Etienne
Backpack Jax,France,Nantes
Back to The Planet,Royaume-Uni,Londres
Bad Livers,Etats-Unis,Austin
Badly Drawn Boy,Royaume-Uni,Manchester
Badume's Band,France,
Baloji,Belgique,
Bams,Cameroun,
Band Apart,France,Marseille
Bandulu,Royaume-Uni,Londres
Bangkok Paddock,France,Poitiers
Bantam Lyons,France,Nantes
Bantam Rooster,Etats-Unis,
Baris K & Mini,Turquie,
Barking Dogs,France,Paris
Barnt + Aguayo,Allemagne,Cologne
Barnt,Allemagne,Cologne
Barrence Whitfield & The Savages,Etats-Unis,Boston
Basement Jaxx ,Royaume-Uni,Londres
Bassbin Twins,Etats-Unis,San Francisco
Batida,Portugal,
Bauchklang,Autriche,
Bauchklang,Autriche,
Bauchklang,Autriche,
Beardyman,Royaume-Uni,Brighton
Beast,Canada,Montréal
Beastie Boys,Etats-Unis ,New-York
Beataucue,France,
Beats & Styles,Finlande,
Beat Torrent,France,Paris
Beck,Etats-Unis,Los Angeles
Bed,France,
Bedlam Ago Go,Royaume-Uni,Leeds
Bel Canto,Norvège,Tromsø
Belone,France,Saint-Lô
Belone Quartet,France,Nantes
Ben Harper,Etats-Unis ,
Ben Harper,Etats-Unis,Claremont
Benjamin Clementine,Royaume-Uni,
Benjamin Diamond Electro Band,France,Paris
Benjamin Zephaniah,Royaume-Uni,Londres
Ben Vaughn Combo,Etats-Unis,Philadelphie
Berlin 38,France,Avignon
Bertrand Burgalat,France,Paris
Bérurier Noir,France,Paris
Bérurier Noir,France,Paris
Beth Gibbons & Le Peuple de l'Herbe,Royaume-Uni,
Betty Boop,France,Dijon
Bibi Tanga & Le Professeur Inlassable,Republique Centrafricaine,
Big Buddha,France,
Big Buddha,France,
Big Buddha,France,Marseille
Big Buddha,France,Marseille
Big Buddha,France,Marseille
Big Buddha,France,Marseille
Big Buddha,France,Marseille
Big Buddha & Tamm Ha Tamm,France,Marseille
Big Soul,Etats-Unis,San Francisco
Bikini Machine,France ,Rennes
Bikini Machine,France ,Rennes
Bikini Machine,France ,Rennes
Bikini Machine,France ,Rennes
Bikini Machine,France ,Rennes
Bill Baxter,France,Paris
Bill Riley,Royaume-Uni,
Billy Ze Kick,France,Rennes
Bim Sherman,Jamaïque,
Birdy Nam Nam,France,
Birdy Nam Nam,France,
Birdy Nam Nam,France,
Birth of Joy,Pays-Bas,
Bison Bisou,France,Lille
Björk,Islande,Reykjavik
Bjørn Berge,Norvège,
Blackbelt Andersen,Norvège,
Black Blanc Beur,France,Nantes
Black Commando,Etats-Unis,New-York
Black Ham,France,Rennes
Black Lions & Wadada,France,Marseille
Black Maria,France,Evreux
Black Star Liner,Royaume-Uni,Leeds
Black Strobe,France,Montpellier
Blah Blah Blah,Irlande,Belfast
Blamma! Blamma!,Royaume-Uni,Londres
Blessed Virgins,France,Pontoise
Blindfolded,France,Bordeaux
Blind,France,
Blink 182,Etats-Unis ,Sacramento
Blitz The Ambassador,Etats-Unis,New-York
Blk Jks,Afrique du Sud,Johannesbourg
Bloodhound Gang,Etats-Unis,Trappes
Blubbery Hellbellies,Royaume-Uni,Londres
Blues'N'Trouble,Royaume-Uni,Londres
Blurt,Royaume-Uni,
Blurt,Royaume-Uni,Stroud
Blutch,France,
Bly,France ,Lens
Boat People Superstar,France ,Rennes
Bobby Conn,Etats-Unis ,Chicago
Bobby Hardcore Liberace,France,Paris
Bobby Hardcore Liberace,France,Paris
Bobby Hardcore Liberace ,France,Paris
Bobby Hardcore Liberace,France,Paris
Bobby Hardcore Liberace & Lee Hands Perrins,France,
Bobby Hardcore Liberace & Lee Hands Perrins,France,Paris
Bobby Sichran,Etats-Unis,New-York
Bob Log III,Etats-Unis,
Bo Diddley,Etats-Unis,Chicago
Bo Dollis & The Wild Magnolias,Etats-Unis,La Nouvelle Orléans
Bogeymen,France,Angoulême
Bomba Estereo,Colombie,Bogota
Bon Iver,Etats-Unis ,Northwestern
Boogaloo - Lotari and more,France ,Rennes
Boogie Balagan,Israël,
Boom Bip,Etats-Unis ,Cincinnati
Bootsauce,Canada,Montréal
Bootsy Collins'Rubber Band,Etats-Unis,Cincinnati
Boo Yaa T.R.I.B.E.,Samoa ,
Boplicity,France,
Border Crossing,Royaume-Uni,Londres
Borghesia,Yougoslavie,Ljubljana
Boris Brejcha,Allemagne,
Bosco Delrey,Etats-Unis,
Boston Bun,France,Lille
Botibol,France,
Boukman Eksperyans,Haïti,Port-au-Prince
Bow Low,France,Caen
Boys Noize,Allemagne,
Boys Wonder,Royaume-Uni,Londres
Braise Cendar,France,Lille
Brassy,Royaume-Uni,Manchester
Breakage,Royaume-Uni,
Breakestra,Etats-Unis ,Los Angeles
Breakout Project,France ,Rennes
Breton,Royaume-Uni,Londres
Brett Johnson,Etats-Unis ,Seattle
BrightBlack Morning Light,Etats-Unis ,
Brodinski,France,
Bros Before Hoes,France,Rennes
Brother Resistance,Trinité et Tobago,
Bruno Green & The Easy Sliders,France,Rennes
B.T.,Etats-Unis,Los Angeles
Budam,Iles Féroé,
Buddy Curtess and the Grasshoppers,Royaume-Uni,
Budju,France,Rennes
Bumcello,France,Paris
Bumpkin Island,France,Saint-Brieuc
Burning Heads,France,Orléans
Burning House,France ,
Busta Flex,France ,Paris
Cabaret Voltaire,Royaume-Uni,Sheffield
Café Tacuba,Mexique,Mexico 
Cage The Elephant,Etats-Unis ,Bowling Green
Calexico with Mariachi Luz de Luna,Etats-Unis ,Tucson
Calvin Harris,Royaume-Uni,Dumfries
Camera,Allemagne,Berlin
Campag Velocet,Royaume-Uni,Londres
Candie Payne,Royaume-Uni,Liverpool
Candie Prune,France ,Rennes
Cannibal Ox,Etats-Unis ,Niles
Canray Fontenot & Elridge Thibodeaux,Etats-Unis,Welsh
Capacocha,Pays-Bas,
Carbon Airways,France,Besançon
Carbon/Silicon,Royaume-Uni,Londres
Cardopusher,Venezuela,
Carl Cox,Royaume-Uni,Londres
Carl Hancock Rux,Etats-Unis ,New-York
Carlinhos Brown,Brésil,
Carmel,Hongrie,
Carmel,Royaume-Uni,Manchester
Carré Manchot,France,
Carte de Séjour,France,Lyon
Carton Park,France,
Casse Pipe,France ,Saint-Brieuc
Cassius,France,Paris
Cass McCombs,Etats-Unis,
Cast of Thousands,Irlande,
Catalogue,France,Paris
Cat Power,Etats-Unis,Atlanta
C.C.C.P.,Italie,Carpi
Cell,Etats-Unis,New-York
Celtas Cortos,Espagne,Valladolid
Cercueil,France,Lille
Certain General,Etats-Unis,New-York
Champion,Canada,Montréal
Chancha Via Circuito Feat. Miriam Garca,Argentine,Bueno Aires
Charged feat. Bill Laswell, Eraldo Bernocchi,Etats-Unis
Charles & Les Lulus,Belgique,Bruxelles
Charles Schilling,Belgique,
Charlie Cottage,France,Saint-Malo
Charlie Kane,Royaume-Uni,
Chateau Flight (feat. Gilb'r & I:Cube),France,Paris
Cheb Kader,Maroc,Paris
Chelsea,France,Paris
Cherif M'baw,Sénégal,
Chevalier Brothers,Royaume-Uni,Londres
Chicco,Afrique du Sud,Soweto
Chic Gamine,Canada,Winnipeg
Chico,France,Nancy
Chico Science & Nação Zumbi,Brésil,
Childrum,France,Rennes
China Rats,Royaume-Uni,Leeds
!!! (Chk Chk Chk),Etats-Unis ,New-York
Chocolate Donuts,France,Caen
Choream,France,
Choréam,France,Montreuil
Chris De Luca Vs Phon.o,Allemagne,
Christian Dargelos,France,Rennes
Christian Dargelos,France,Rennes
Christian Marclay,Etats-Unis,New-York
Christine,France,Rouen
Chris Whitley,Etats-Unis,Houston
Cibelle,Brésil,São Paulo
Cie 6ème dimension,France,Evry
Cie Engrenage - I Feel Good,France,Rennes
Cie Lalala Human Steps,Canada,Montréal
Cie Rêvolution,France,Bordeaux
Cinematic Orchestra,Royaume-Uni,
Cisum,France,Rennes
Citrus,France,Paris
City Kings,France ,Rennes
Cj Bolland,Belgique,
C K C,France,Rouen
Clap! Clap!,Italie,
Clap Your Hands Say Yeah!,Etats-Unis ,New-York
Clara Moto,Autriche,
Clarens,France,Rennes
Clea & Mc Leod,Royaume-Uni,Londres
Cleveland Watkiss,Royaume-Uni,Londres
Clockwork of the Moon,France,Caen
Clotaire K,Liban,Beyrouth
Clyde P,France,Paris
CNN,Royaume-Uni,Leeds
Cody ChesnuTT,Etats-Unis ,
Coeur Noir,France,Toulouse
Coldcut,Royaume-Uni,Londres
Coldcut,Royaume-Uni,Londres
Colder,France,Paris
Cold War Kids,Etats-Unis ,Fullerton
Colin James,Canada,Vancouver
Colin Stetson,Canada,Montréal
Compact Disk Dummies,Belgique,Desselgem
Compagnie Black Blanc Beur,France,Nantes
Compagnie Cool Spirit,France,
Compagnie Eskemm,France,Lorient
Compagnie Ethadam,France,
Compagnie Figure 2 Style,France,Dijon
Compagnie Khady Fofana,France,Villeneuve-la-Garenne
Compagnie Révolution,France,Bordeaux
Compagnie S'Poart,France,La Roche-sur-Yon
Compagnie Xpress,France,
Compagnie Zahrat & Top 9,France,
Complètement,France,Troyes
Complot Bronswick,France,Rennes
Complot Bronswick,France,Rennes
Complot Bronswick,France,Rennes
Complot,France ,Rennes
Compuphonic,Belgique,
Computer Jockeys,Allemagne,
Concrete Knives,France,Flers
Connan Mockasin,Nouvelle-Zélande,
Cool Freddy Jay,France ,Paris
Cop Shoot Cop,Etats-Unis,New-York
Corazon Rebelde,France,Paris
Core Dump,France,Rennes
Corman & Tuscadu,France,Nîmes
Corman & Tuscadu,France,Nîmes
Cornershop,Royaume-Uni,Leicester
Cosmic Wurst,France,Paris
Cosmogol & Barbatrax,France ,Rennes
Cosmo Sheldrake,Royaume-Uni,Londres
Costello,France,Bordeaux
Costes,France,Paris
Count Indigo,France,
Courtney Barnett,Australie,Melbourne
Courtship Ritual,Etats-Unis,New-York
Cousteau,Royaume-Uni,Londres
Cowboy Mouth,Etats-Unis,La Nouvelle Orléans
Coyote Pass,France,Brest
Cracker,Etats-Unis,
Crane Angels,France,
Crazy Town,Etats-Unis ,Los Angeles
Creature,Canada,Montréal
Croaks,France,Rouen
Crocodiles,Etats-Unis,San Diego
Crookers,Italie,
CSS (Cansei De Ser Sexy),Brésil,São Paulo
Cubist Blues (Alan Vega / Alex Chilton / Ben Vaughn Combo),Etats-Unis,New-York
CUIR! Moustache,France,
Curtis Harding,Etats-Unis,Atlanta
Curve,Royaume-Uni,Londres
Cut The Navel String,France,Angers
CWP 35,France,Rennes
Cypress Hill,Etats-Unis,Los Angeles
Daara J,Sénégal,
Daddy Yod,France,Saint-Denis
Dad Rocks!,Danemark,Arhus
Daft Punk,France ,Paris
Daft Punk,France,Versailles
Dahlia,France ,Rennes
Daisy Duck,France,Nice
Dajla,France,
Dajla,France,
Dakhabrakha,Ukraine,
Damien,France,
Dam,Palestine,
Dan Deacon,Etats-Unis ,Baltimore
Danielle Dax,Royaume-Uni,Londres
Daniel Waro,France,
Danton Eeprom,France,
Danton Eeprom,France,
Danyel Waro,France (Réunion),
Danyel Waro,France (Réunion),Réunion
Danyel Waro,France (Réunion),Réunion
Danyel Waro & Titi Robin,France (Réunion),Réunion
Daphree Phunkateerz,France,
Darjeeling Speech,France,Rennes
Darko,France,
Darlin Nikki,France ,Rennes
Darrell Wynn,Etats-Unis,
Darren Price,Royaume-Uni,Londres
Dash Rip Rock,Etats-Unis,Baton Rouge
Datarock,Norvège,Bergen
Dat Politics,France,Lille
Daughn Gibson,Etats-Unis,
Dave Clarke,Royaume-Uni,Brighton
David Holmes,Royaume-Uni,
David Krakauer & Socalled,Etats-Unis ,New-York
David Peel & The Lower East Side,Etats-Unis,New-York
David Thomas & Two Pale Boys,Etats-Unis,Cleveland
David Walters,France,Paris
Dazibao,France,Paris
DBFC,DBFC,Paris
DCA,France ,Rennes
DC Basehead,Etats-Unis,Maryland
Dead,France,
Dead Gregory's,France,Rennes
Dead Kids,Royaume-Uni,Londres
Dead Obies,Canada,Montréal
Death in Vegas,Royaume-Uni,Brentford
Debmaster,France,Angers
Deche dans Face,France ,Bordeaux
Dédé Traké,Canada,Montréal
Dee Jay Punk-Roc,Etats-Unis,New-York
Deep Dish,Etats-Unis ,Washington DC
Def Cut,Suisse,
Defek Fun,France,Rennes
De La Soul,Etats-Unis ,New-York
Del Cielo,France ,Rennes
Dellarge,Mexique,Mexico
Dels,Royaume-Uni,Londres
Demolition Doll Rods,Etats-Unis ,Detroit
Dempster Highway,France,Clermond-Ferrand
Denez Prigent,France,
Denez Prigent,France               ,
Denez Prigent,France,
Denez Prigent,France,Bretagne
Dengue Fever,Cambodge,
Den Sorte Skole,Danemark,Copenhagen
De Portables,Belgique,Gand
Deportivo,France,
Depth Affect,France,Nantes
Depth Charge,Royaume-Uni,
Derrick Carter,Etats-Unis,Chicago
Des Airs,Belgique,Bruxelles
Desert Rebel,Niger,
Detrimental,Royaume-Uni,Leeds
Detroit Social Club,Royaume-Uni,Newcastle-upon-Tyne
Dewey Balfa,Etats-Unis,Mamou
Dgiz,France,Paris
Dick Tracy,France,Nancy
Didier Sinclair,France,Montpellier
Digicay,France ,Rennes
Digicay,France ,Rennes
Digicay,France ,Rennes
Digicay,France ,Rennes
Digitalism,Allemagne,Hambourg
Dimitri from Paris,France ,Paris
Dionysos,France ,Valence
Diplo,Etats-Unis,
Dirty District,France,Sèvres
Dirty Three,Australie,Melbourne
Disco Anti Napoleon,France,Nantes
Dissonant Nation,France,Marseille
Dizzee Rascal,Royaume-Uni,Londres
Dizzee Rascal,Royaume-Uni,Londres
Dizzy Romeo,France,Rennes
DJ Adams Roy,France ,Rennes
DJ Aï,France,Paris
Djak,France,Angers
Django Django,Royaume-Uni ,Ecosse
Dj Assault,Etats-Unis ,Detroit
DJ Ata,Allemagne,Francfort
DJ Azaxx,France,
DJ Azaxx,France,
DJ Azaxx,France,
DJ Azaxx,France,
DJ Azaxx,France ,Rennes
DJ Azaxx,France ,Rennes
DJ Barmy & DJ Oates,Royaume-Uni,Londres
DJ Ben,France,Tours
DJ Benny Boy,France,
DJ Benoît de Grooves,France ,Rennes
DJ Bertrand,France,Paris
DJ Big Buddha,France,
DJ Big Buddha,France,
DJ Big Buddha,France,Marseille
DJ Big Buddha,France,Marseille
DJ Bikini,France ,Rennes
DJ Blake Baxter,Etats-Unis,Detroit
DJ Bobby Hardcore Liberace,France,
DJ Boogaloo vs DJ Lotari,France ,Rennes
DJ Cam,France,Paris
DJ Carl Cox,Royaume-Uni,Oldham
DJ Cash Money,Etats-Unis ,Philadelphie
DJ Ced,France,Rennes
DJ Cheb Aziz,Maroc,
DJ Cheb Aziz,Maroc,Rennes
DJ Click,France,Paris
DJ Cook,France,
DJ Cook,France,
DJ Cook,France ,Rennes
DJ Core Dump,France,Rennes
DJ Cover,France,Rennes
DJ Crabbe,France,
DJ Cutlass Supreme,Royaume-Uni,
DJ Dee,France,Rennes
DJ Deep,France,
DJ Dick,Allemagne,
DJ Dick,Royaume-Uni,
DJ Doc Martin,Etats-Unis,San Francisco
DJ Don Lurie,France ,Rennes
DJ Double A & Jack O'Mollo,Suisse,Lausanne
DJ DSL,Autriche,
Djedjotronic,France,
DJ Erik Rug,France,Paris
DJ Eye Spoon,France,
DJ Flow & Mc Darrison,France ,Rennes
DJ Flow & MC Youthman,France ,Rennes
DJ Format & Mc Abdominal,Royaume-Uni,Londres
Dj Fstep Back2back,Russie,Moscou
DJ Funk,Etats-Unis,Chicago
DJ Galliano,France ,Valence
DJ Geoffroy,Belgique,
DJ GG,France,Rennes
DJ Gilb'r,France,Paris
DJ Gilb-R & MC Otis,France,
DJ Graeme Park,Royaume-Uni ,Aberdeen
DJ Gregory,France ,Paris
DJ Haze,France ,Rennes
DJ Hell,Allemagne,Munich
DJ Jack,France,Marseille
DJ Kentaro,Japon,
DJ Kevin,France ,Nice
DJ Kosmo Pilot,France ,
DJ Kosmo Pilot,France,Saint-Malo
DJ Krush,Japon,Ibaraki
DJ Le Clown,France ,Rennes
DJ Le Clown Video Circus,France,
DJ Lewis,Royaume-Uni,Londres
DJ Linus,Allemagne,Munich
DJ Marcelinho Da Lua,Brésil ,Rio de Janeiro
DJ Marky feat. Dynamite MC,Brésil,São Paulo
DJ Marmaille,France ,Rennes
DJ Marrrtin All Stars,France ,Rennes
DJ Marrrtin & DJ Junkaz Lou,France ,Rennes
DJ Master H,France,Paris
DJ Mau-Mau,Brésil,
DJ Me DJ You,Etats-Unis ,Los Angeles
DJ Mehdi,France,Paris
DJ Mix Master Morris,Royaume-Uni,Brighton
DJ Mo,Mali,
DJ Moose,France,Paris
DJ Morpheus,Belgique,
DJ Morpheus,Belgique,
DJ Morpheus,Belgique,
DJ Morpheus,Belgique,
DJ Morpheus,Belgique,
DJ Morpheus,Belgique,
DJ Morpheus,Belgique,
DJ Morpheus,Belgique,
DJ Morpheus,Belgique,
DJ Morpheus,Belgique,
DJ Morpheus,Belgique,
DJ Morpheus,Belgique,
DJ Morpheus,Belgique,
DJ Morpheus,Belgique,
DJ Morpheus & El Diablo,Belgique,
DJ Morpheus & El Diablo,Belgique,
DJ Morpheus,Israël,Tel Aviv
DJ Morpheus,Israël,Tel Aviv
DJ Mouss,France ,Paris
DJ Mpula,Portugal,Lisbonne
DJ Mujava,Afrique du Sud,
DJ Némo & Tao Pai Pai,France ,Rennes
DJ Netik & DJ Troubl',France ,Rennes
Dj Netik,France,Rennes
DJ Netik,France ,Rennes
DJ Netik,France ,Rennes
DJ Netik,France ,Rennes
DJ Netik,France ,Rennes
DJ Netik,France ,Rennes
DJ Neva,France ,Rennes
Djoloff,Sénégal,
DJ Oof,France,Paris
Dj Orange,Russie,
DJ Ordoeuvre,France,Rennes
DJ Pascal R,France,Paris
DJ Patife & Stamina MC,Brésil,São Paulo
DJ Patrick Pulsinger,Autriche,
DJ Phantom & DJ Ride,France,Tours
Dj Pirumov,Russie,
DJ Prosper,France,
DJ Prosper,France,
DJ Psyche,France,Rennes
DJ  Q,Royaume-Uni,Ecosse
DJ Recloose,Etats-Unis ,Detroit
DJ Ride,Portugal,
DJ Rockett,Royaume-Uni,Londres
DJ Rodriguez,Italie,
DJ Sambal,France,Rennes
Dj Sandra,Russie,
DJ Sandra,Russie,
DJ Sandra,Russie,
DJ Scissorkicks,Royaume-Uni,Buckinghamshire
DJ Shadow,Etats-Unis,
DJ Shakra,Etats-Unis,San Francisco
DJ Sneak,Etats-Unis,Chicago
Dj South Central,Royaume-Uni,Brighton
DJ Spinna & Jigmastas,Etats-Unis,New-York
DJ Spooky,Etats-Unis ,New-York
DJ's ???? ????????,Russie,
DJ Stix,Royaume-Uni,Londres
DJ Tonka,Allemagne,
DJ Trevor Fung,Royaume-Uni,Londres
DJ Wave,Etats-Unis,
DJ Wave,Etats-Unis,
DJ Wild Child,Royaume-Uni,Londres
DJ Yoshinori Sunahara,Japon,
DJ Zebra,France,
DJ Zebra,France,
DJ Zebra,France ,Paris
DJ Zebra,France,Paris
DJ Zebra,France,Rennes
Doctor and the Medics,Royaume-Uni,Londres
Doctor L & The Explorers,Irlande ,
Dogs,France,Rouen
DOIST!,France,
Dolce Vita DJ's,Suisse,Lausanne
Dolce Vita,France,Paris
Doldrums,Canada,
Dole,Belgique,Athus
Dollkraut,Pays-Bas,Amsterdam
Dominic Sonic & DJ Aï,France,Paris
Dominic Sonic,France,Paris
Dominic Sonic,France,Paris
Dominic Young Unique,Etats-Unis,
Dominique Dalcan,France,Paris
Donalds,France,Paris
Donké,Mali,Bamako
Donna Summer,Allemagne,Berlin
Don Rimini,France,
Don Rimini,France,Paris
Donso,Mali,
Doo Rag,Etats-Unis,Tucson
Dorothy Masuka,Zimbabwé,Hararé
Double Nelson,France,Nancy
Downtown Cuckoo,France ,Rennes
Dread Zeppelin,Etats-Unis,Graceland West
Dread Zone,Royaume-Uni,Londres
Dring Toy,France ,Rennes
Dr Israel,Etats-Unis,New-York
Drive Blind,France,Nîmes
Dr Phibes & The House of Wax Equations,Royaume-Uni,Manchester
Drugs,Etats-Unis ,Detroit
Drumattic Twins,Royaume-Uni,Lancaster
Dubitators & GSM,France ,Rennes
Duels,Royaume-Uni,Leeds
Dum Dum Boys,France,Nice
Dupain,France,Marseille
Duplexx aka.. Edan & Insight with guest Dagha,,
Dwight Trible & The Life Force Trio,Etats-Unis ,Los Angeles
Eagles Gift,France,Angers
Earl Zinger,Royaume-Uni,Londres
Easy Star All-Stars,Etats-Unis ,New-York
Eat My Beat Mr Lenski,Russie,
Eat Your Toys,France,Rennes
Ebony Bones,Royaume-Uni,Londres
Edith Presley,France,Rennes
Edu-K,Brésil,
Eeurop,France,Lorient
Egyptian Hip Hop,Royaume-Uni,Manchester
Eiffel,France,Bordeaux
Einstürzende Neubauten,Allemagne,Berlin
El Diablo,France,Réunion
Elektrotwist,Allemagne,
Element of Crime,Allemagne,Berlin
Elephanz,France ,Nantes
El Gran Silencio,Mexique ,Monterrey
El Gringo,France,Rennes
El Guincho,Espagne,
Elli Medeiros,Uruguay,Paris
Elmer Food Beat,France,Nantes
El Pres!dente,Royaume-Uni,
El Vez,Mexique,Etats-Unis
Emir Kusturica & The No Smoking Orchestra,Serbie,
Emma,France,Rennes
End of Data,France,Rennes
Engineers,Royaume-Uni,
Entre les Deux Fils Dénudés de la Dynamo,France,Rennes
Epic Rain,Islande,Reykjavik
Eric Borgo,Suisse,
Eric Débris AKA Dr. Mix,France,Paris
Erik Truffaz & Murcof - The Mexico Project,France,
Erol Alkan,Royaume-Uni,Londres
Erol Alkan,Royaume-Uni,Londres
Escort,Etats-Unis,New-York
ESG,Etats-Unis ,New-York
Esser,Royaume-Uni,Londres
Étant Donnés & Thee Majesty,France,
Etha Dam,France,Montreuil
Ethadam,France,Paris
Etienne Daho,France,Rennes
Etienne Daho Jr,France,Rennes
Etienne De Crécy Live (Superdiscount),France,
Euphoric Trapdoor Shoes,France,Laval
Eva Gardner,France,
Evening Hymns,Canada,Toronto
Evening Legions,France,Rennes
Evil 9 feat. Juice Aleem & Toastie Taylor,Royaume-Uni,Brighton
Excès de Zèle,France,Rennes
Expø,France,Rennes
EZ3kiel,France,Tours
Ezra Bang & The Hot Machine ,Etats-Unis,New-York
Ezra,France,Angers
Facteur X,France,Rennes
Factory Floor,Royaume-Uni,Londres
Fakear,France,Caen
Fake Blood,Royaume-Uni,
Fancy,France,
Fatale,France,Paris
Fatboy Slim,Royaume-Uni,Brighton
Fat Supper,France,
Fat Truckers,Royaume-Uni,Sheffield
Faudel,France ,Mantes-la-Jolie
Fauna featuring Tremor,Argentine,
Faust,Allemagne ,Wumme
Fawl,France,Dinan
Faze Action,Royaume-Uni,Londres
F.E.M.,France,Rennes
Femi Anikulapo Kuti & The Positive Force,Nigéria ,Lagos
Femmouzes T.,Brésil,
Fermin Muguruza,Espagne ,
Fever Ray,Suède,Stockholm
FFF,France,Paris
FFF,France,Paris
Filewile,Suisse,Berne
Filip Dean Junior,France,
Filthy Dukes,Royaume-Uni,Londres
First Lady,France,
Fischerspooner,Etats-Unis ,New-York
Fishbone,Etats-Unis,Los Angeles
Fitness,Etats-Unis,New-York
Five Deez,Etats-Unis ,Cincinnati
Fixed Up,France,Le Havre
Flamingos,France,Nantes
Flammable Beats,Russie,
Flat Duo Jets,Etats-Unis,Carrboro
Fleshquartet,Suède,Stockholm
Flore,France,Lyon
Florian,France,Rennes
Florian Mona,France ,Rennes
Florian Mona & Son Caravane Sofa Tour,France ,Rennes
Fluke,Royaume-Uni,Beaconsfield
Flying Lotus,Etats-Unis ,Winnetka
FM Belfast,Islande,Reykjavik
Foo Fighters,Etats-Unis,Seattle
Foreign Affair,Israël,Tel Aviv
Foreign Beggars,Royaume-Uni,Londres
Forest Hillbillies,Royaume-Uni,
Forever Pavot,France,Paris
Forguette Mi Notte,France,Tours
Fracture,France,Rennes
Fragments,France,Rennes
Frakture,France,Rennes
Frakture,France,Rennes
Framix,France,Nantes
France - Angleterre,France,Rouen
Franck II Louise,France,
Françoise Guimbert,France,Réunion
François Merville Quintet,France,
Frànçois & The Atlas Mountains,France,Saintes
Françoiz Breut,France,Cherbourg
Frankie Bones,Etats-Unis,New-York
Frank McWeeny,France,
Freddy Fresh,Etats-Unis ,Saint Paul
Fred Fatigueros,France,Rouen
Freestylers (feat. MC Navigator & Tenor Fly),Royaume-Uni,Londres
French Cowboy,France,Nantes
French Fries,France,
French Lovers,France,Aix-en-Provence
French Lovers,France,Aix-en-Provence
Friend Within,Royaume-Uni,Liverpool
Frikstailers,Argentine,
Front 242,Belgique,Bruxelles
Fuckin' Hell Orkestar,France,Rennes
Fuel Fandango,Espagne,Cordoue
Fuel feat.Tipper & Freq Nasty,Royaume-Uni,Londres
Fujiya & Miyagi,Royaume-Uni,Brighton
Fukkk Offf,Allemagne,
Fumaça Preta,Pays-Bas,Amsterdam
Fumiya Tanaka,Japon,Tokyo
Fun-Da-Mental,Royaume-Uni,
Funeral Party,Etats-Unis,Los Angeles
Funkage,France ,Rennes
Funk Fu,France,Rennes
Funky Karma,France,
Furs,France,Vannes
Fuzeta,France,Vannes
Fyfe,Royaume-Uni,Manchester
Gablé,France,Caen
Gablé,France,Caen
GaBLé,France,Caen
Gaëtan Roussel,France,
Gaggle,Royaume-Uni,Londres
Galactic feat.Chali 2na (Jurassic5), Lyrics Born (Quannum) & Boots Riley (The Coup),
Galaxie,Canada ,Montréal
Galliano,Royaume-Uni,Londres
Gallon Drunk,Royaume-Uni,Londres
Gamine,France,Bordeaux
Gandi Lake,France,Caen
Gang Do Electro,Brésil,Bélem
Gang Of Four,Royaume-Uni,Leeds
Gang Starr,Etats-Unis ,Santa Ana
Garbage,Etats-Unis,Madison
Garbo,France,Rennes
Garciaphone,France,Clermond-Ferrand
Gary Clail On U Sound System,Royaume-Uni,Bristol
Gary Clail On U Sound System & The Full Nine Yards,Royaume-Uni,Bristol
Gaye Bykers on Acid,Royaume-Uni,Leicester
Gemini,Etats-Unis,Chicago
Général Alcazar,France,Sète
General D,Portugal,Lisbonne
Georgie Fame and the Blue Flames,Royaume-Uni,Londres
Get A Room !,France,
Getatchew Mekuria & The Ex ,Ethiopie,
Get Your Gun,Danemark,
GG Project,France ,Rennes
Ghinzu,Belgique,
Ghostpoet,Royaume-Uni,Londres
Giana Factory,Danemark,
Gildas & Masaya,France,
Gilles Le Guen,France,
Gilles Le Guen,France,
Ginger Ale,France,Paris
Gipsy Kings,France,Montpellier
Girls Against Boys,Etats-Unis,Washington DC
Girl Talk,Etats-Unis,Pittsburgh
Gloria Dave,France,Paris
Gnawa Diffusion,France ,Grenoble
Godspeed You! Black Emperor ,Canada,Montréal
Gold Chains,Etats-Unis ,San Francisco
Golden Teacher,Ecosse,Glasgow
Goldfrapp,Royaume-Uni,Bath
Goldie Lookin' Chain,Royaume-Uni,Newport
Goldwave,France,Caen
Gomina,France,Caen
Gomm,France,Lille
Gomm,France,Lille
Gong Gong,France,Nantes
Gonjasufi,Etats-Unis,
Goober & The Peas,Etats-Unis,Detroit
Gooseflesh,Turquie,Istambul
Goran Gora,Lettonie,
Gotan Project,France,
Gotan Project,France,
Grand Blanc,France,Metz
Grand Magasin,France,Paris
Grand Popo Football Club,France,
Grant Lee Buffalo,Etats-Unis,Los Angeles
Green Vaughan,France,Lille
Green Velvet,Etats-Unis,Chicago
Greg Brown,Etats-Unis,Fairfield
Greg Dread,Royaume-Uni,Londres
Groove Armada,Royaume-Uni,Londres
Groove Control,France,
Groove Terminator,Australie,
Group Rhoda,Etats-Unis,San Francisco
Guadalupe Plata,Espagne,
Gunners,France,Rennes
Guns'n'Bombs,Etats-Unis ,Los Angeles
Guns Of Brixton,France,Caen
Guru's Jazzmatazz (feat. Herbie Hancock, Angie Stone & Bilal),
Güz II,France,Rennes
Gwenfol feat Yann-Fãnch Kemener,France ,
Haight-Ashbury,Royaume-Uni,Glasgow
Hako,France,
Hall 21,France,Dinan
Hamlet / Thèmes et Variations,France,
Hang Left Devil,France ,Rennes
Hangmas,Hongrie,Budapest
Hanni El Khatib,Etats-Unis,Los Angeles
Hanuman Care Kit,France ,Lille
Happy Drivers,France,Angers
Happy End,Royaume-Uni,
Har Mar Superstar,Etats-Unis,New-York
Havana 3 A.M.,Royaume-Uni,Londres
Hayseed Dixie,Etats-Unis ,Deer Lick Holler
HB2,France ,Nantes
Headrillaz,Royaume-Uni,Londres
Head,Royaume-Uni,Bristol
Heera,Inde,Londres
Hello Bye Bye,France,
Hem's,France ,Metz
Herman Düne,France,Paris
Hermine,France,Paris
Hifana,Japon,
High Tone,France ,Lyon
Hip Drop,France ,Rennes
Hip-J,France ,Rennes
HMC,Australie,Adelaïde
Hocus Pocus,France,
Hola a Todo El Mundo,Espagne,Madrid
Hollie Cook,Royaume-Uni,Londres
Holloys,Etats-Unis,Los Angeles
Homelife,Royaume-Uni,Manchester
Hometown Dj Posse,France,
Hook & The Twin,Royaume-Uni,Londres
Horse Meat Disco,Royaume-Uni,
Hospital Ships,Etats-Unis,Lawrence
Hot Chip,Royaume-Uni,Londres
Hôtel du Nord,France,Rennes
Hot Panda,Canada,Vancouver
House Breaker,France,Rennes
House Of Love,Royaume-Uni,Londres
Howard Hughes & The Western Approaches,Royaume-Uni,Londres
Howlin' Wilf and the Vee Jays,Royaume-Uni,Colchester
How We Tried,France,
Hugo Largo,Etats-Unis,New-York
Human F.E.A.X,France ,Rennes
Human Spirit,France,Paris
Huoratron,Finlande,Helsinki
Hushpuppies,France,Perpignan
Hutchinson,France,Nantes
Hyper,Royaume-Uni,Oxford
I.A.M.,France,Marseille
Ibibio Sound Machine,Royaume-Uni,Londres
I Come From Pop,France,
If,France,
Iglu & Hartly,Etats-Unis ,Echo Park
IIIStM,France,
Ikara Colt,Royaume-Uni,Londres
Ilana (P.O.F.),France,
Il Etait Une Fois A L'Ouest,France ,Rennes
Imam Baildi,Grèce,Athènes
I Me Mine,France,Toulouse
I'm Fresh! You're Pretty!,France ,Angers
I'm From Barcelona,Suède,
Imperial 35,France ,Rennes
Implosion III,France,Rennes
Improvisators Dub,France ,Bordeaux
Impulsion feat. Issakidis,France,Paris
Impulsion,France,
Im Takt,France,Brest
Inc,France,Nice
Indian Ropeman,Royaume-Uni,Brighton
Indigo Moss,Royaume-Uni,Londres
I N Fused,France,Montpellier
Insane Clown Posse,Etats-Unis,Detroit
Intokable,France,
Invisible Pair of Hands,Royaume-Uni,Bristol
Invisibl Skratch Picklz feat. Q Bert, D-Styles,
In Vivo,France,
Ipso Facto,Royaume-Uni,Londres
Isbells,Belgique,
Islam Chipsy,Egypte,Le Caire
ISP,Serbie ,Belgrade
Is Tropical,Royaume-Uni,Londres
Itäväylä,Finlande,
Iva G. Moskovich,Royaume-Uni,Deptford
Ivamain,France,
I Was There,France,Paris
Izabo,Israël,
Iz,Chine,
Iz,Chine,Pékin
Izit,Royaume-Uni,Londres
Jack O'Lanternes,France,Rennes
Jackson And His Computer Band,France,
Jacuzzi Boys,Etats-Unis,
Jadell,Royaume-Uni,Londres
Jad Wio,France,Paris
Jaga Jazzist,Norvège,
Jah Shaka's Sound System,Royaume-Uni,Londres
Jaka Dit Jay & Cyril Man                                                     ,France ,Rennes
Jambinai,Corée du Sud,Séoul
James Bond,France,Rennes
James Hall,Etats-Unis,Atlanta
James Lavelle,Royaume-Uni,Londres
James,Royaume-Uni,Manchester
James Taylor Quartet,Royaume-Uni,Rochester
James Unk,France,Rennes
Jamie Woon,Royaume-Uni,Londres
Jamika,Royaume-Uni,Londres
Jamiroquai,Royaume-Uni,Londres
Janelle Monae,Etats-Unis,Kansas City
Janice Graham Band,Royaume-Uni,Manchester
Janski Beeeats,France,
Jaojoby,Madagascar,
Jaylib (feat. Madlib, Peanut Butter Wolf & Medaphoar),
Jayne Cortez & The Firespitters,Etats-Unis,New-York
Jay Reatard ,Etats-Unis ,Memphis
J.C. Satan,France,Bordeaux
Jean Louis 2000,France,Tours
Jean-Louis Murat,France,
Jeanne Added,France,Paris
Jeff Mills,Etats-Unis,Detroit
Jeffrey Lee Pierce,Etats-Unis,Los Angeles
Jérôme Minière,France,Orléans
Jérôme Soligny,France,Le Havre
Jessie Evans,Etats-Unis,
Jesus Christ Fashion Barbe,France,Caen
Jimmy Jay présente Cool Session 2 &  Sleo,France,Paris
Jimmy Luxury & The Tommy Rome Orchestra,Etats-Unis ,New-York
Jimmy Oihid,Algérie,Blida
Jim Rose Circus Sideshow,Etats-Unis,Seattle
J-Live,Etats-Unis ,New-York
Joakim,France,
Joe King Carrasco & The Crowns,Etats-Unis,Dumas
Joel Drouin & Little Bob,France,Rouen
Johan Asherton,France,Paris
John & Jehn,France,
Johnny Dowd,Etats-Unis,New-York
Jo Kaiat (feat. Cheik Fatamady Kone & Ousmane Keita),France,
Jon Carter,Royaume-Uni,Londres
Jori Hulkkonen,Finlande,
Joris Delacroix,France,Montpellier
José Padilla,Espagne,Ibiza
Jo Sevilor et ses Royal Cônes,France,Guingamp
Jo Sevilor et ses Royal Cônes,France,Guingamp
Josh Martinez,Canada,
Josh Wink,Etats-Unis,Philadelphie
Joyce Muniz,Brésil,Vienne
Joy Squander,France,Laval
Juana Molina,Argentine,
Juan Atkins,Etats-Unis,Detroit
Juan Rozoff,France,
Juan Trip,France,Paris
Julian Jeweil,France,
Julien Lourau Groove Gang,France,
Julien Tiné,France,
Juliette & The Licks,Etats-Unis ,Los Angeles
Jungle Brothers,Etats-Unis ,New-York
Jungle By Night,Pays-Bas,Amsterdam
Jungle,France,Rennes
Jungle Hala,France,
Jungle Posse Feat. DJ Ron vs. MC Five O & DJ Noodles,Royaume-Uni ,Londres
Jungle,Royaume-Uni,Londres
Jupiter,France,
Juryman V Spacer,Royaume-Uni,
Justice ,France,Paris
Justice,France,Rennes
Justin Robertson,Royaume-Uni,Manchester
Juveniles - DJ Set,France,Rennes
Juveniles,France,Rennes
Käfig Brasil,France,Créteil
Kaiser Chiefs,Royaume-Uni,Leeds
Kaizers Orchestra,Norvège,
Ka Jazz,France ,Rennes
Kakal Band,France,Bordeaux
Kakkmaddafakka,Norvège,Bergen
Kalashnikov,France,Rennes
Kalibre 33,France ,Tours
Kampec Dolores,Hongrie,Budapest
Kanjar'oc,France,Marseille
Kaolin,France,
Kariang Vibes Feat. The Shashamani Band / Prezident Brown / Doniki / Kulcha Knox / Terry Ganzie,Jamaïque,
Kasabian,Royaume-Uni,Leicester
Kas Product,France,Nancy
Kate Nash,Royaume-Uni,Londres
Katerine,France,
Katerine,France,
Kate Tempest,Royaume-Uni,Londres
Kcongo's Gruv,France,Rennes
Kdd,France,Toulouse
Ken Ishii,Japon,Tokyo
Kenobi,France,Rennes
Kent,France,Lyon
Keny Arkana ,France,Marseille
Keziah Jones,,
Keziah Jones,Royaume-Uni,Londres
Khan & Julee Cruise,Allemagne,Berlin
Khao,Royaume-Uni,
Kickback,France,Paris
Kid Frost,Etats-Unis,Los Angeles
Kid Karate,Irlande,
Kid Koala,Canada ,Montréal
Kill The Young,Royaume-Uni,Manchester
Kim Novak,France,
Kim Novak,France,Caen
King Cobb Steelie,Canada ,Toronto
Kings Have Long Arms,Royaume-Uni,Sheffield
Kinky,Mexique,Monterrey
Kissing Bandits,Royaume-Uni,Glasgow
Klaxons,Royaume-Uni,Londres
Kni Crik,France,Paris
Kohann,France,
Kölsch,Danemark,
Konstantin Sibold,Allemagne,
Kosme,France,Lyon
Kosmo Pilot,France,
Kosmo Pilot,France,Saint-Malo
Kosmo Pilot,France,Saint-Malo
Kosmo Pilot,France,Saint-Malo
Koukou Maman,France,Rennes
Kraftwerk,Allemagne,Düsseldorf
Krafty Kuts & A.Skillz,Royaume-Uni,Brighton
Krash Slaughta,Royaume-Uni,Londres
Kruder & Dorfmeister,Autriche,
Kudu,Etats-Unis ,New-York
Kula Shaker,Royaume-Uni,Londres
Kurtis Mantronik,Etats-Unis,Houston
Kütu Folk - The Band,,
Kwal,France,Angers
Kwatsu,France,Rennes
Kwes,Royaume-Uni,Londres
Kyu,France ,Angers
L7,Etats-Unis,Los Angeles
Labelle,,
Labelle,France,Rennes
La Busqueda,Espagne,Majorque
La Caution,France,Noisy le Sec
La Corda,France,Rennes
Lady B,France,Cannes
Lady Jane,France ,Rennes
Lady Jane,France,Rennes
Lady Late,France,Rennes
La Fine Equipe,France,Marseille
La Fundaciòn,Espagne,Madrid
La Funk Mob,France,Paris
La Gale,Suisse,
Laibach,Slovénie,Ljubljana
Lama Gyourme & Jean-Philippe Rykiel,Bhoutan,
La Mano Negra,France,Paris
La Muerte,Belgique,Bruxelles
La Mverte,France,Paris
La Place,France,
L'Aquarium,France,Paris
Larry Gus,Grèce,
Lars Horntveth,Norvège,Oslo
Lars & The Hands Of Light,Danemark ,Copenhague
La Rumeur,France,Elancourt
La Terre Tremble !!!,France ,Rennes
La Tordue,France,Paris
Laurent Garnier,France,Paris
Laurent Warin,France,Paris
La Yegros,Argentine,
LCD Soundsystem,Etats-Unis ,New-York
Le Bal à Jo,France,Rennes
L'Echo Raleur,France,Paris
L'Ecole du Crime,France,Bordeaux
Le Corps Mince de Françoise,Finlande,
Le Couple Aveugle du Mali,Mali,Bamako
Le Cri de la Mouche,France,Paris
Leela James,Etats-Unis ,New-York
Leftfield DJ Set feat. Leftfield's P. Daley with N. Rapaccioli & MC Cheshire Cat,Royaume-Uni,Londres
Lefto & ID,Belgique,
Lefto & ID,Belgique,Bruxelles
Lefto & Illtaktikz,Belgique,
Le Hammond Inferno,Allemagne,
Leila,Royaume-Uni,Londres
Le Mur,France,Strasbourg
Lena Deluxe,France,Lille
Lenny Kravitz,Etats-Unis,New-York
Leonie Pernet,France,Paris
Leon Jean Marie,Royaume-Uni,Londres
Leon Redbone,Etats-Unis,New-York
Le Peuple de L'Herbe,France,Lyon
Le Pneumatiq,République Tchèque,
Le Pneumatiq,République Tchèque,
Les Associés Crew,France,Bordeaux
Les Avions,France,Paris
Les Bandits,France,Nice
Les Beaux Ténébreux,France,Rennes
Les Cacahuètes Hurlantes,France,Chinon
Les Casse Pieds,France,Paris
Les Champêtres de Joie,France,Paris
Les Civils,France,Paris
Les Conquérants,France,Rennes
Les Conquérants,France,Rennes
Les Coquines,France,Paris
Les David Vincent,France,Troyes
Les Déesses Africaines,France ,Rennes
Les Enfants Terribles,France,Tours
Les Flics,France,Rouen
Les Frères Morvan,France ,Botcol
Les Gordon,France,Rennes
Les Goulues,France,Rennes
Les Loups,France,
Les Maîtres Du Bèlè,France,Martinique
Les Malades,France,Lille
Les Maracas,France,Montpellier
Les Nains de Jardin,France,Rennes
Les Naufragés,France,Montpellier
Les Négresses Vertes,France,Paris
Les Nouveaux Nés,France ,Rennes
Les Nubians,France,Bordeaux
Les Nus,France,Rennes
Les Nus,France,Rennes
Les Nus,France,Rennes
Les Ours du Scorff,France,
Les Parasites,France,Paris
Les Pires,France,
Les Plaies,France,Rennes
Les Princes de l'Islam,France,Rennes
Les Rabza,France ,Rennes
Les Respectables,France,Rennes
Les Rois Fainéants,France,Paris
Les Rythmes Digitales,Royaume-Uni,
Les Satellites,France,Paris
Les Scoubidous,France,
Les Skippies,France,Rennes
Les Skippies,France,Rennes
Les Soucoupes Violentes,France,Paris
Les Spadassins,France,Rennes
Les Surgelés,France,
Les Tétines Noires,France,Réville
Les Tontons Flingueurs,France,Paris
Les Vedettes,Belgique,
Les Visiteurs du Soir,France,Marseille
Les V.R.P.,France,Paris
Le Tone,France,Paris
Le Train Fantôme,France,Rennes
Le Vasco,France,
Lewis Floyd Henry,Royaume-Uni,Londres
Le Zooo,France,Rennes
Lianne La Havas,Royaume-Uni,Londres
Licornia,France,Bordeaux
Lighthouse,France,Rennes
Lila Downs,Mexique,
Lilea Narrative,France,
Liliput,Suisse,Zurich
Link Wray,Etats-Unis,Washington DC
Lionrock,Royaume-Uni,Londres
Lipelis,Russie,
Lispector,France,
Litfiba,Italie,Florence
Litfiba,Italie,Florence
Little Annie,Etats-Unis,New-York
Little Axe,Etats-Unis,Artford
Little J & Le Pm,France,Rennes
Little Trouble Kids,Belgique,Gand
Live Human,Etats-Unis ,San Francisco
Liza 'N' Eliaz ,Belgique,Ostende
Lizzo,Etats-Unis,Houston
Lobotom Cast,France,Nice
Lofofora,France,Paris
Lol Coxhill,Royaume-Uni,Portsmouth
Lolito,France,
L'Ombre Jaune,France,Rennes
L'Ombre Jaune,France,Rennes
London Elektricity,Royaume-Uni,Londres
London Grammar,Royaume-Uni,
Lonely Walk,France,Bordeaux
Lone,Royaume-Uni,
Long Fin Killie,Royaume-Uni,Ecosse
Longkuan & Supermarket,Chine,Pékin
Lonnie Holley,Etats-Unis,
Loon,France ,Rennes
Loop Guru,Royaume-Uni,Londres
Loorie Petitgand,France,Rennes
Lord Nelson,Trinidad & Tobago,New-York
Lord Paramour,France,Rennes
Lordz of Brooklyn,Etats-Unis,New-York
Los Chicharrons & DJ Ramon Santana,République Dominicaine,
Los Desechables,Espagne,Barcelone
Lou Doillon,France,
Louie Austen,Autriche,
Louisahhh!!!,,
Louise Féron,France,Rouen
Love Trio In Dub Feat. U-Roy,,
LSK,Royaume-Uni,Leeds
Ludwig von 88,France,Paris
Lug-na,France ,Rennes
Luis,Argentine,
Luka Bloom,Irlande,Newbridge
Luke Jenner,Etats-Unis,
Luke Slater,Royaume-Uni,
Luke Vibert & BJ Cole,Royaume-Uni,
Lunachicks,Etats-Unis,New-York
Lunatic Calm,Royaume-Uni,
Luz,France,
Luz,France,
Lydie Vendredi,France,Paris
Lyres,Etats-Unis,Boston
Mac. H,France ,Rennes
Mac l'Arnaque,France,Rennes
Macy Gray,Etats-Unis ,
Madame,France,
Madben,France,
Madensuyu,Belgique,Gand
Madeon,France,Nantes
Mad Mike,Etats-Unis,Detroit
Mad Professor,Royaume-Uni,Londres
Magnapop,Etats-Unis,Atlanta
Magnetic Man,Royaume-Uni,
Magnifico,Slovénie,Ljubljana
Mahjongg,Etats-Unis ,Chicago
Maji Poor,France,Rennes
Major Lazer,Jamaïque,
Malik,France,Paris
Malka Family,France,Paris
Mama Rosin,Suisse,
Manaré,France,Paris
Manatee,France,Caen
Manceau,France,Rennes
Mandrax,Suisse,Lausanne
Maniacs vs Sharkiat,Suisse ,Genève
Marcel Kanche,France,Rouen
Marc Em,France,
Marc Minelli,France,Le Havre
Marc Minelli,France,Le Havre
Marc Minelli,France,Le Havre
Marco Barotti,Italie,
Marco Lipz,France,Rennes
Marc Seberg,France,Rennes
Marc Seberg,France,Rennes
Marcus Marr,Royaume-Uni,
Mardi Gras Brass Band,Allemagne,Mannheim
Margo,France,Angers
Marie,France,Lyon
Mario Chris,Chypre,
Mark Curry,Etats-Unis,Los Angeles
Marklion,France,
Marquees,France,Nantes
Marquis de Sade,France,Rennes
Martin Stephenson and The Daintees,Royaume-Uni,Tain
Martyn Bennett,Royaume-Uni,Edimbourg
Mary Lake,France,
Mass Hysteria,France ,Paris
Massilia Sound System,France,Marseille
Massive Attack,Royaume-Uni,Bristol
Masters at Work,Etats-Unis,New-York
Mathematikal,Malte,
Mathieu Boogaerts,France ,Nogent-sur-Marne
Maths Class,Royaume-Uni,Brighton
Matmon Jazz,France,Rennes
Mattafix,Royaume-Uni,
Matthew Dear,Etats-Unis,
Matthew Herbert's One Club,Royaume-Uni,Londres
Mau Mau,Italie,Turin
Maurice Fulton,Etats-Unis,Baltimore
Max Jury,Etats-Unis,Des Moines
Maya Jane Coles,Royaume-Uni,
Maylee Todd,Canada,Toronto
MC Paul Barman,Etats-Unis ,Ridgewood
MC Ribs,Royaume-Uni,
MC Solaar,France,Paris
Me and the Heat,Allemagne,Düsseldorf
Meca Rythm,France,Rennes
Mein Sohn William,France,Rennes
Meira Asher,Israël,
Meï Teï Sho,France,Lyon
Melissa Auf Der Maur,Canada,Montréal
Melody's Echo Chamber,France,
Melt Youself Down,Royaume-Uni,
Meneo,Espagne,Barcelone
Menlo Park,Etats-Unis ,Los Angeles
Me One,Royaume-Uni,Londres
Me Phi Me,Etats-Unis,Flint
Mercan Dede,Turquie,
Merci Simka,France,Rennes
Meridian Brothers,Colombie,
Mermonte,France,Rennes
Me'shell Ndegeocello,Etats-Unis ,Washington DC
Messer Chups & Lydia Kavina,Russie,
Metal On Metal,Lituanie,Vilnius
Metal Urbain,France,Paris
Metà Metà,Brésil,Sao Paulo
Metronomy,Royaume-Uni,Brighton
Mexican Institute Of Sound,Mexique,
M.I.A.,Royaume-Uni,Londres
Micachu & The Shapes,Royaume-Uni,Londres
Michael Kiwanuka,Ouganda,
Michalon DJ Club,France ,Rennes
Michelle Shocked,Etats-Unis,Dallas
Mich Gerber,Suisse ,Berne
Mickey 3D,France,Montbrison
Mickey Avalon,Etats-Unis ,Los Angeles
Micronologie,France ,Rennes
Midfield General,Royaume-Uni,Brighton
Mieskuoro Huutajat,Finlande ,Oulu
Mike Ladd,Etats-Unis,New-York
Mikhael Paskalev,Norvège,
Millionaire,Belgique,
Minimal Compact,Belgique,
Minimal Compact,Belgique,Bruxelles
Miniman,France,Nantes
Minitel Rose,France,Nantes
Mint Juleps,Royaume-Uni,Londres
Mint Juleps,Royaume-Uni,Londres
Mirou Trio,France,Rennes
Miss Blue,France,
Missill,France,Paris
Missill,France,Paris
Miss'ill,France,Paris
Missill,France,Paris
Missill,France,Paris
Missill,France,Paris
Missill Live Gang,France,Paris
Miss Kittin,France ,Grenoble
Miss Platnum,Roumanie,
Mister Gang,France,Villabé
Mister Mongol,France,Paris
Misty Socks,France,Angers
Mitsu,France,Nevers
Mix City,France,Nantes
MixHell,Brésil,
MJ's,France ,Rennes
Modeselektor,Allemagne,Berlin
Modey Lemon,Etats-Unis ,Pittsburgh
Modjo,France,
Modul Club,France,
Modul Club,France,Rennes
Mojo Nixon & Skid Roper,Etats-Unis,San Diego
Moller Plesset,France ,Rennes
Moloko,Royaume-Uni,Sheffield
Molotov Jukebox,Royaume-Uni,Londres
Momma Stud,Etats-Unis,Hollywood
Mona Soyoc,France,Nancy
Mondial Coconut,France ,Rennes
Money For Rope,Australie,Melbourne
Monk & Canatella,Royaume-Uni,Bristol
Monkey & Bear,France,Rennes
Monkey Mafia,Royaume-Uni,Londres
Monogram,France ,Rennes
Monosylabikk,Pologne,
Montage,France,Rennes
Montevideo,Belgique,Bruxelles
Montgomery,France ,Rennes
Montgomery,France ,Rennes
Montreal Sax Machine,Etats-Unis,New-York
Moodoïd,France,
Moondog,Etats-Unis,New-York
Morgan,Royaume-Uni,
Morpheus,Israël,Tel Aviv
Morphine,Etats-Unis,New-York
Moses Sumney,Etats-Unis,Los Angeles
Mo Solid Gold,Royaume-Uni,
Moss,Pays-Bas,
Motorbass,France,Paris
Motor City Drum Ensemble,Allemagne,
Mouloud,France,
Mountaineers,Royaume-Uni,
Mouse On Mars,Allemagne,Düsseldorf
Mozes & The Firstborn,Pays-Bas,
Mr Eleganz ,France ,Rennes
Mr Eleganz,France,Rennes
Mr. Hyde DJ,France ,Rennes
Mr. & Mrs Cameron,Pays-Bas,
Mr. & Mrs Cameron,Pays-Bas,
Mr Oizo,France,Paris
Mr. Scruff,Royaume-Uni,Manchester
MsMr,Etats-Unis,New-York
Mstrkrft,Canada,Toronto
M'Toro Chamou,France ,
Mu,Japon,
Mujuice,Russie,
Mukta,France,
Mum's the Word,France,Rennes
Mundy,Irlande ,Dublin
Mungal,Trinidad & Tobago,Trinité
Mush,France,Bordeaux
MV Bill,Brésil,Rio de Janeiro
Myckeyn'stein,France,Nantes
My Federation,Royaume-Uni,Brighton
My Lullaby,France ,Rennes
My Name Is Nobody,France,
Mystery Slang,Royaume-Uni,Bristol
Mystica Teacha,France ,Rennes
My Summer Bee,France,Caen
Naab,France,Brest
Nada Surf,Etats-Unis,New-York
Nag Nag Nag,France ,Rennes
Naive New Beaters,France,Paris
Naïve New Beaters,France,Paris
Naked (on Drugs),Royaume-Uni,Manchester
Naomi Shelton & The Gospel Queens,Etats-Unis ,New-York
Nashville Pussy,Etats-Unis,Atlanta
Negative Supply,Etats-Unis,New-York
Neil Landstrumm,Royaume-Uni,Edimbourg
Nekochan,France,Lyon
Nervous Cabaret,Etats-Unis ,New-York
Netsky,Belgique,
New Jackson,Irlande,Dublin
Nguzunguzu,Etats-Unis,Los Angeles
Nick Waterhouse,Etats-Unis,
Nicola Conte,Italie,
Nicolas Cruel,France,Brest
Nicole Willis & The Soul Investigators,Finlande,
Nikki Sudden and the Jacobites,Royaume-Uni,Londres
Nimh,France ,Rennes
Ninos Du Brasil,Italie,Vittorio Veneto
Nin Petit,Royaume-Uni,
Nirvana,Etats-Unis,Aberdeen
Nitin Sawhney,Royaume-Uni,Londres
Niveau Zero,France,Paris
N'Java,Madagascar,
Noir Désir,France,Bordeaux
Nola's Noise,France ,Rennes
No One Is Innocent,France,Paris
Norman Spinrad & Richard Pinhas,Etats-Unis,New-York
Nortec Collective,Mexique,Tijuana
Nosfell,France,Paris
Nouvel R,France,Angers
Nova Heart,Chine,
Nova nova,France,Rennes
Novela,France ,Rennes
Novo Navis,France,
N'To,France,Marseille
Numerica Rockestra,France,
Numeric Ravers,France,
Nunna Daul Isunsyi,France,
Nurse,France,Rouen
Nyah Fearties,Royaume-Uni,Lugton
Ôbrée Alie,France,
O'Children,Royaume-Uni,Londres
Oenix,France,Rouen
Offspring,Etats-Unis,Garden Grove
Off The Wall,France,Rennes
Oil B,France ,Rennes
Okay Monday,France,Lille
Oktopus,France,Rennes
Olaf Hund,France,Paris
Old School Nemo,France,
Old Skool Nemo,France ,
Old Skool Nemo,France,Paris
Olivier B,France ,
Olivier Mellano,France ,Rennes
Ollano,France,
Olli & The Bollywood Orchestra feat. DJ Swami, Amar,
Ondatropica,Colombie,
One the Juggler,Royaume-Uni,Londres
Oneyed Jack,France,Paris
Onipa Nua,Ghana,Accra
Oniris,France,Rennes
Oof,France ,Paris
Opposition,Royaume-Uni,Londres
Optimo,Ecosse,Glasgow
Optimo,Royaume-Uni,Glasgow
Orange Blossom,France ,Nantes
Orbital,Royaume-Uni,Sevenoaks
Orchestra Of Spheres,Nouvelle-Zélande,Wellington
Orchestre Rouge,France,Paris
Original Rockers,Royaume-Uni,Birmingham
Orka feat Yann Tiersen ,Iles Féroé,
Orville Brody & Goodfellas,France ,Rennes
O Safari,France,Rennes
Osmose,France,Angers
Osni,France ,Lille
Oso Leone,Espagne,Palma de Majorque
Otis Grand & The Dance Kings,Etats-Unis,Oakland
Otis Taylor,Etats-Unis ,Denver
Otto,Brésil,Pernambuco
Oum Shatt,Allemagne,
Ou@rz@z@te System,France ,Rennes
Outasight,Etats-Unis,New-York
Overhead,France,Paris
Oy,Ghana,
P18,France,Paris
P. 38,France,Rennes
Pablo Nouvelle,Suisse,Bern
Padded Cell,Royaume-Uni ,Londres
Pändip,France,
Papier Tigre,France,Nantes
Paranda,Bélize,
Paris Suit Yourself,Etats-Unis,
Pascal Comelade,France,Montpellier
Pascals,Japon,
Passion Fodder,France,Paris
Pat'Jaune,France (Réunion),
Pat Panik & DJ Netik,France ,Rennes
Pat Panik,France ,Rennes
Pat Panik,France ,Rennes
Pat Panik,France ,Rennes
Pat Panik,France ,Rennes
Pat Panik,France ,Rennes
Pat Panik & La Rayure,France ,Rennes
Pat Panik & La Rayure,France ,Rennes
Pat Panik meets Netik,France ,Rennes
Pat Panik Meets Netik,France ,Rennes
Pat Panik meets Netik,France ,Rennes
Patrice Moore,France,Paris
Pauline Croze,France,
Paul Johnson,Etats-Unis,Chicago
Paul Mac Cartn'Paul,France ,Rennes
Paul Thomas Saunders,Royaume-Uni,
Pavement,Etats-Unis,Stockton
Pegase,France,Nantes
Pelle Miljoona,Finlande,Helsinki
Penfleps,France,Quimper
People Under The Stairs,Etats-Unis ,San Francisco
Percubaba,France,
Pere Ubu,Etats-Unis,Cleveland
Peshay,Royaume-Uni,Londres
Pest,Royaume-Uni,Londres
Pete Herbert,Royaume-Uni,
Peter Digital Orchestra,France,
Peter Kruder,Autriche,Vienne
Peter Von Poehl,Suède,
Peter Winslow,France ,Paris
Petite Noir,Afrique du Sud,Le Cap
Petit Fantôme,France,
Petit Vodo,France ,Bordeaux
Pharaohs,Royaume-Uni,Harlow
Philippe Brunel Groupe,France,Rennes
Philippe Pascale,France,Rennes
Philippe Pascal,France ,Rennes
Philippe Pascal & the Blue Train Choir,France ,Rennes
Phillip Boa & The Voodoo Club ,Allemagne,Dortmund
Phoebe Jean & The Airforce,Etats-Unis,Baltimore
Photek,Royaume-Uni,Ipswich
Pianosaurus,Etats-Unis,New-York
Picasso y los Simios,France,Nantes
Pierpoljak,France,
Pierre Kwenders,Canada,Montréal
Pigalle,France,Paris
Pills,France,Paris
Pin-Ups,France,Rouen
Plan B,Royaume-Uni,Londres
Plantlife,Etats-Unis ,Los Angeles
Plastilina Mosh,Mexique,Monterrey
Platinum Pied Pipers,Etats-Unis ,Detroit
Play Boys,France,Nice
Playdoh,France,
Plump Djs,Royaume-Uni,Londres
Pnau,Australie,Sidney
Pockemon Crew,France,
Pompeya,Russie,
Pony Pony Run Run,France,
Poor Boy,France ,Morlaix
Popa Zens,France,Rennes
Pop Levi,Royaume-Uni,Londres
Popof,France ,Paris
Porcelain,France ,
Portishead,Royaume-Uni,Bristol
Positive Black Soul,Sénégal,Dakar
Potato Five,Royaume-Uni,Londres
Poupie Colors,France,Rennes
Powersolo,Danemark,
P.P.E (Puding Pani Elvisovej),Slovaquie,
President Bongo,Islande,Reykjavik
Président Chirac,France,
Pressure Drop,Royaume-Uni,Manchester
Pressure Sound DJ's,Jamaïque,
Primal Scream,Royaume-Uni,Glasgow
Princess Erika,France,Paris
Princess Superstar,Etats-Unis,New-York
Prins Nitram,Danemark,
Printemps Noir,France,Brest
Prismo Perfect,France,Brest
Private Jokes,France,Nantes
Professor Murder,Etats-Unis ,New-York
Prof Pinpin et ses Funk-Noz,France,Rennes
Programme,France,Toulouse
Prohibition,France,Paris
Project 23,Royaume-Uni,
Projectile,France,Rennes
Promoe,Suède,
Prophets of Da City,Afrique du Sud,Le Cap
Psyco On Da Bus,France,Nigéria
Psykick Lyrikah,France ,Rennes
Ptôse,France,Niort
Public Enemy,Etats-Unis ,New-York
Public Service Broadcasting,Royaume-Uni,
Pure Reason Revolution,Royaume-Uni,Londres
Purity,Royaume-Uni,Londres
Push Up !,France,
Push Up,France,
Puts Marie,Suisse,Bienne
Quannum,Etats-Unis ,Oakland
Queen Adreena,Royaume-Uni,Londres
Rachid Taha,Algérie ,
Rachid Taha Zoom Project,Algérie,
Radio 4,Etats-Unis ,New-York
Radio Romance,France,Lille
Radio Tarifa,Espagne,Madrid
Rae & Christian,Royaume-Uni,Manchester
Rafale,France,
Rafale,France,Saint-Brieuc
Rainer,Etats-Unis,Tucson
Ralf,Italie ,Milan
Ralph Myerz & The Jack Herren Band,Norvège,Bergen
Ramiro Musotto,Argentine,
Rangers Crew,France,Paris
Rao Trio,Espagne,
Raph Dumas & The Primaveras & Cobla la Mil.lenaria,Espagne,Catalogne
Rasmus,Royaume-Uni,Londres
Raury,Etats-Unis,Atlanta
Ray Gelato's Giants of Jive,Royaume-Uni,Londres
Ray Lema,Congo,Kinshasa
Razorlight,Royaume-Uni,Londres
Rebirth Brass Band,Etats-Unis,La Nouvelle Orléans
Red,France,Lille
Redrama,Finlande,Helsinki
Redskins,Royaume-Uni,York
Red Snapper,Royaume-Uni,Londres
Red Sunrise,France,
Reggiori,France,
Regg'Lyss,France,Montpellier
Renaissance Man,Finlande,Helsinki
Renaud Papillon Paravel,France,Toulouse
Renegade Soundwave,Royaume-Uni,Londres
Rent Party,Royaume-Uni,Londres
Republic Of Loose,Irlande,Dublin
Republik,France,
Resistance,France,Dijon
Restless,Royaume-Uni,Ipswich
Rezerv,France,République Dominicaine
Rhudabega,Etats-Unis,La Nouvelle Orléans
Rhume,France,Dax
Rhum For Pauline,France,Nantes
Rhythm Masters,Royaume-Uni,
Richard Barone,Etats-Unis,Tampa
Richard Cameron & Karin Ras,Pays-Bas,
Richard Hell,Etats-Unis,New-York
Rich Aucoin & Encore !,Canada,Halifax
Richie Hawtin AKA Plastikman,Canada,Windsor
Rico,France,
Rinôçérôse,France ,Montpellier
Ripley,France ,Rennes
Rita Mitsouko,France,Paris
Ritmolider,Russie,
Rivoli,France,Rennes
Rizwan & Muazam Qawwali,Pakistan,
Rôade,France,Rennes
Roadrunners,France,Le Havre
Robert Farrel,France,
Robert Le Magnifique,France ,Rennes
Robin Foster,Royaume-Uni,
Rob Sonic,Etats-Unis ,New-York
Robyn Hitchcock and the Egyptians,Royaume-Uni,Londres
Robyn Hitchcock,Royaume-Uni,Londres
Rock à Porter,France,
Rockers Hifi,Royaume-Uni,Birmingham
Rocket From The Crypt,Etats-Unis,San Diego
Rodolphe Burger & Erik Marchand,France,Strasbourg
Rodrigo Y Gabriela,Mexique,
Rodriguez,Etats-Unis,Detroit
Roger Sanchez,Etats-Unis,New-York
Roken Is Dodelijk,France ,Lille
Roky Erikson,Etats-Unis,
Roland Casper,Allemagne ,Cologne
Rom,France ,Nantes
Rone,France,Paris
Roni Size Reprazent,Royaume-Uni,Bristol
Rory Mc Leod,Royaume-Uni,Londres
Rosita Warlock & Mr Djub,France,
Rotor Jambreks,France,
Rouge Mécanique,France,
Round Table Knights DJs,Suisse ,Berne
Royal Crescent Mob,Etats-Unis,Colombus
Royal Deluxe,France,Aix-en-Provence
Royal Deluxe,France,Aix-en-Provence
Röyksopp,Norvège,
Ruben Guevara,Etats-Unis,Los Angeles
Rubin Steiner & Placido,France,Tours
Rubin Steiner & The Magical Black Shoes Orchestra,France,Tours
Rub'n'tug,Etats-Unis ,New-York
Ruby,Royaume-Uni,Londres
Rufus Harley,Etats-Unis ,Philadelphie
Russell Gunn & Ethnomusicology,Etats-Unis ,Atlanta
??????? ???????,Russie,
Saadet Türköz,Turquie,
Sabina,Italie,
Saïan Supa Crew,France,
Saidah Baba Talibah,Canada,Toronto
Saï Saï,France,Paris
Salaryman,Etats-Unis,Champaign
Sale Défaite,France,Lyon
Salem,Etats-Unis,Chicago
Salem Tradition,France (Réunion),
Sallie Ford & The Sound Outside,Etats-Unis,Portland
Salmonella Dub,Nouvelle-Zélande,
Salt Cathedral,Colombie,
Salvatore,Norvège,
Sam Amazon,France,Rennes
Samba De Le Muerte,France,Caen
Sammy Decoster,France,
Sandals,Royaume-Uni,Londres
Sankofa,France,Rennes
Santa Cruz,France ,Rennes
Santa Cruz,France ,Rennes
Santogold,Etats-Unis,New-York
Sa-ra Creative Partners,Etats-Unis ,New-York
Sarah W_Papsun,France,
Saul Williams,Etats-Unis ,New-York
Sawt El Atlas,France,Blois
Sax machine Feat. Racecar,France,Rennes
Sax Pustuls,France,Rennes
SBTRKT,Royaume-Uni,Londres
Scan X,France,Paris
Scatterbrain,Etats-Unis,New-York
Scieur Z,France,Paris
Screaming Target,Royaume-Uni,Londres
Sebastian,France,
Sébastien Tellier,France,Paris
Sekuoia,Danemark,Copenhague
Semblant Décors,France,Rennes
Senior Picante,Mexique,Mexico
Señor Coconut,Allemagne,
Senses,Inde,
Sens Unik,Suisse,Lausanne
Serena Maneesh,Norvège,Oslo
Sergent Garcia,France,
Sergueï Papail,France,Rennes
S.E. Rogie,Sierra Leone,Freetown
Seven Dub,France ,Paris
Sex Tattoo,France,Rennes
Sex Toy,France ,Paris
Shabazz Palaces,Etats-Unis,Seattle
Shaï No Shaï,France,Paris
Shä-Key,Etats-Unis,New-York
Shalark,France,
Shamir,Etats-Unis,Las Vegas
Shane Cough,France ,Rennes
Shantel,Allemagne,Frankfort
Sharko,Belgique,
Shazzula,Belgique,Bruxelles
Sheer.K,France,Brest
Sheik Omar Sanogo Group,France,
Shellac,Etats-Unis,Chicago
Sherpas,France,
Shift,Etats-Unis,New-York
Shiko Shiko,France,Lille
Shogun Kunitoki,Finlande,
Shop Assistants,Royaume-Uni,Edimbourg
Shoulders,Etats-Unis,Austin
Shout,France,Saumur
Shout Out Louds,Suède,Stockholm
Shredded Ermine's,France,Nevers
Shukar Collective,Roumanie,
Shy Child,Etats-Unis ,New-York
Sidestepper,Colombie,
Sid Presley Experience,Royaume-Uni,Londres
Sierra Leone Refugees All Stars,Sierra Leone,Libreville
Sigue Sigue Sputnik,Royaume-Uni,Londres
Silent Majority,Suisse,Lausanne
Silverfish,Royaume-Uni,Londres
Silverio,Mexique,
Simian Mobile Disco,Royaume-Uni,Londres
Simian,Royaume-Uni,Londres
Simple Posse,France,Rennes
Sinclair,France,Paris
Sinden,Royaume-Uni,Londres
Sinjin Hawke,Canada,Montréal
Sinkane,Soudan,
Sir Nenis,Finlande,
Sister Phunk Brothers,France,Paris
Sister,Royaume-Uni,Londres
Sitronapoo,France,Saint-Brieuc
Sixtine,France,
Skalpel,Pologne,Wroclaw
Skim & Tone,France ,Rennes
Skip&Die,Afrique du Sud,
Sléo,France,Paris
Slim,Royaume-Uni,Londres
Slovo,Royaume-Uni,Londres
Slow Joe and the Ginger Accident,Inde,
Sloy,France,Béziers
Smooth,France,Nantes
Smooty Filth,France,Rennes
Smoove & Turrell,Royaume-Uni,Newcastle
Snakefinger,Royaume-Uni,Londres
Sneaker Pimps,Royaume-Uni,Reading
Soft Lit,Etats-Unis,New-York
"Soil & ""Pimp"" Sessions",Japon,
Solange la Frange,Suisse,
Solange La Frange,Suisse,
Solillaquists of Sounds,Etats-Unis ,Orlando
Sona Fariq,Royaume-Uni,Londres
Sondre Lerche,Norvège,
Songhoy Blues,Mali,Tombouctou
Sonic Machine,France,Paris
Sonic Machine,France,Paris
Sonic Youth,Etats-Unis,New-York
Son of Bazerk,Etats-Unis,Freeport
Son Of Dave,Royaume-Uni,Londres
Sons of the Desert,Royaume-Uni,Londres
Soso,Canada,Saskatoon
Soulchoc,France ,Angers
Soul City (+ Pat Panik et DJ Netik),France,
Soul Coughing,Etats-Unis,New-York
Souleance,France,Paris
Soul Jazz DJ's,Royaume-Uni,
Soul Of Man,Royaume-Uni,
South Central DJ Set,Royaume-Uni,Brighton
South Central,Royaume-Uni,Brighton
Space Raiders,Royaume-Uni,Middlesbrough
Spain,Etats-Unis,Los Angeles
Spank Rock,Etats-Unis,Baltimore
Spearhead,Etats-Unis,Oakland
Spicy Box,France ,Tours
Spitzer,France,Lyon
Splash Wave,France,Rennes
Splassh !,France,Rennes
Splassh !,France,Rennes
Spoek Mathambo,Afrique du Sud,Johannesbourg
Spontus,France,Lannion
Spooky,Royaume-Uni,Londres
Sprung Aus Den Wolken,Allemagne,Berlin
Square One,Barbades,
Stacey Pullen,Etats-Unis,Detroit
Stanton Warriors,Royaume-Uni,Bristol
St Augustine,France,Clermond-Ferrand
Stephan Eicher,Suisse,
Stephan Eicher,Suisse,Münchenbuchsee
Stephan Eicher,Suisse,Münchenbuchsee
Stepping Stones,France,Paris
Stereo MC's,Royaume-Uni,Londres
Steve Jordan,Royaume-Uni,Liverpool
St Germain,France,
St Germain,France,
St. Lô,France,
Stormcore,France,Rennes
Strasbourg,France,
Straw Dogs,France,Bordeaux
Stress,Royaume-Uni,Londres
Stromae,Belgique,
Stromae,Belgique,Bruxelles
Strup X,France ,Rennes
Strup X,France ,Rennes
Sttellla,Belgique,Bruxelles
Stuck in The Sound,France,Paris
Stupeflip,France,Paris
Stuurbaard Bakkebaard,Pays-Bas,Eindhoven
Subject 13,Royaume-Uni,Londres
Subsonic Legacy,Royaume-Uni,Londres
Subversive Boy,France,
Success,France,
Success,France,Rennes
Success,France,Rennes
Sucette Buvard,France,Rennes
Suckafish P. Jones,Australie,Brisbane
Sudden Death of Stars,France,Rennes
Suede,Royaume-Uni,Londres
Sugar,Etats-Unis,Washington DC
Sugarman 3,Etats-Unis ,New-York
Sugar Ray,Etats-Unis,Newport Beach
Suicide,Etats-Unis,New-York
Suns of Arqa,Inde ,
Suns of Arqa,Royaume-Uni,Londres
Super Collider,Royaume-Uni,
Superets,France,Rennes
Superets Sound System,France,Rennes
Superpoze,France,Caen
Superthriller,Royaume-Uni,
Surfing Leons,Belgique,
Surkin,France ,Paris
Suv Follow The Sun Live Project,Royaume-Uni,Bristol
Suzujia,France,Dinan
Sven Löve,France ,Paris
Svinkels,France,
Swami,Royaume-Uni,Birmingham
Sweet Back,France,Angers
Switch,Royaume-Uni,
Symbiz,Corée du Sud,
Systema Solar,Colombie,
T5A,France,Rennes
Tabou,France,Paris
Tab Two,Allemagne,Dortmund
Tahiti 80,France ,Rouen
Tales,France,Lyon
Tali,Nouvelle-Zélande,
Tal Stef,France,Strasbourg
Tanger,France,Paris
Tango Lüger,France,Beaune
Tao Paï Paï,France,Rennes
Tarik & Djamel,France ,Rennes
TaÿFa,France,
TC Matic,Belgique,Ostende
Team Ghost,France,
Techno Animal,Royaume-Uni,
Teddybears STHML,Suède,Stockholm
Ted Milton,Royaume-Uni, Londres
Ted's Red,France,Paris
Teenage Bad Girl,France,
Tekameli,France,Perpignan
Temple Roy,Royaume-Uni,Birmingham
Ten Walls,Lituanie,Kaunas
Tepr,France ,Morlaix
Terminal Buzz Bomb,France,Rennes
Terminalhead,Royaume-Uni,Londres
Terranova,Allemagne,
Terry Lynn,Jamaïque,Kingston
Terry Mullan,Etats-Unis,Chicago
Test Department,Royaume-Uni,Londres
Teyss,France,
That Petrol Emotion,Royaume-Uni,Londres
The 1969 Club,France,
The Agitator,Royaume-Uni,Londres
The All Seeing I,Royaume-Uni,Sheffield
The Aloof,Royaume-Uni,Londres
The Arsonists,Etats-Unis ,New-York
The Avener,France,Paris
The Band of Holy Joy,Royaume-Uni,Londres
The Bays,Royaume-Uni,
The Beat Junkies (feat. J-Rocc & Babu),Etats-Unis ,Orange County
The Beatnigs,Etats-Unis,San Francisco
The Bellrays,Etats-Unis ,Riverside
The Bewitched Hands of the Top of our Heads,France,Reims
The Binary Folks,France,
The Bird Is Yellow,France,Rennes
The Bishops,Royaume-Uni,Londres
The Black Angels,Etats-Unis ,Austin
The Bloody Beetroots,Italie,
The Bonaparte's,France,Paris
The Bongolian,Royaume-Uni,Londres
The Boogie Brothers Blues Band,Royaume-Uni,
The Books,Etats-Unis ,New-York
The Brian Jonestown Massacre,Etats-Unis ,San Francisco
The Carps,Canada,Toronto
The Chemical Brothers,Royaume-Uni,Manchester
The Count and Sinden Soundsystem,Royaume-Uni,Londres
The Craftmen Club,France,Guingamp
The Cropdusters,Royaume-Uni,Lymington
The Crystal Ark,Etats-Unis,
The DeathSet,Etats-Unis,
The Delano Orchestra,France,Clermond-Ferrand
The Delta 72,Etats-Unis,Washington DC
The Deltones,Royaume-Uni,Londres
The Dick Nixons,Etats-Unis,La Nouvelle Orléans
The Dirtbombs,Etats-Unis ,Detroit
The Disposible Heroes of Hiphoprisy,Etats-Unis,San Francisco
The Dø,Finlande,
The Driven,Irlande,
The Driver,France,
The Egg,Royaume-Uni,Oxford
Thee Gloomies,France,Rennes
The Enchanted Wood,France,Rennes
The Faint,Etats-Unis ,Omaha
The Fall,Royaume-Uni,Manchester
The Feelies,Etats-Unis,Haledon
The Field,Suède,Stockholm
The Film,France,Reims
The Flying Steps,Allemagne,Berlin
The French Cowboy & The German Dudes,France,Nantes
The Fugees,Etats-Unis ,New-York
The Gaslamp Killer,Etats-Unis,San Francisco
The Glass DJ's,Etats-Unis ,New-York
The Glass,Etats-Unis ,New-York
The Glimmer Twins,Belgique,
The Glitch Mob,Etats-Unis ,
The Grief,France,Saint-Malo
The Guests Only,France,Saint-Malo
The Hacker,France,Grenoble
The Hangovers,Royaume-Uni,
The Heavy,Royaume-Uni,Noid
The Hidden Cameras,Canada,Toronto
The Honeymoon Killers (Les Tueurs de la Lune de Miel),Belgique,Bruxelles
The Horrors,Royaume-Uni,Londres
The Infadels,Royaume-Uni,Londres
The Inspector Cluzo & Mates,France,
The Inspirational Choir,Etats-Unis,Washington DC
The (international) Noise Conspiracy,Suède,
The Japanese Popstars,Irlande ,Derry
The Jazz Butcher,Royaume-Uni,Northamptonshire
The Jesus Lizard,Etats-Unis,Chicago
The Juan McLean,Etats-Unis ,New-York
The Lanskies,France,Saint-Lô
The LA's,Royaume-Uni,Liverpool
The Last Poets,Etats-Unis,New-York
The Legendary Tiger Man,Portugal,Lisbonne
The Little Rabbits,France,La Gaubretière
The Living,Royaume-Uni,Londres
The Long Blondes,Royaume-Uni,Sheffield
The Make-Up,Etats-Unis,Washington DC
The Married Monk,France,Rennes
The Men They Couldn't Hang,Royaume-Uni,Londres
The Midnight Beast,Royaume-Uni,
The Mighty Bop,France,
The Mighty Lemon Drops,Royaume-Uni,Wolverhampton
The Mike Flowers Pops,Royaume-Uni,Londres
The Miracles Club,Etats-Unis,Portland
The Mission,Royaume-Uni,Leeds
The Mitchell Brothers,Royaume-Uni,Londres
The Muscle Shoal,Royaume-Uni,Londres
The Narcicyst ,Irak ,Montréal
The Nextmen,Royaume-Uni,Londres
The Octopus,France,Douarnenez
Théo Gravil,France ,Rennes
Théo Gravil,France,Rennes
Théo Gravil,France,Rennes
Théo Hakola,,
Théo Hakola,Etats-Unis,Spokane
The Orb,Royaume-Uni,Londres
The Orchestra,Royaume-Uni,
The Outlines,France,Marly-le-roi
The Pack A.D.,Canada,Vancouver
The Pale,Irlande,Dublin
The Penelopes & Morpheus,France,
The Phantom Band,Royaume-Uni,Glasgow
The Phenomenal Handclap Band,Etats-Unis,New-York
The Poet Generation,France ,Rennes
The Politics,Danemark,Hovedstaden
The Popopopop's DJ Set,France,Rennes
The Popopopop's DJ Set,France,Rennes
The Popopopops,France,Rennes
The Popopopops,France,Rennes
The Popopopops,France,Rennes
The Presidents Of The United States Of America,Etats-Unis,Seattle
The Prisoners,Royaume-Uni,Chatam
The Prodigy,Royaume-Uni,Braintree
The Propellerheads,Royaume-Uni,Bath
The Proxy,Russie,Moscou
The Psychonauts,Royaume-Uni,
The Purple Helmets,Royaume-Uni,Londres
The Rakes,Royaume-Uni,Londres
The Real Tuesday Weld,Royaume-Uni,Londres
The Red Goes Black,France,Douarnenez
The Residents,Etats-Unis ,Shreveport
The Right Ons,Espagne,
The Ringo Jets,Turquie,Istambul
The Roots,Etats-Unis,Philadelphie
The Same Old Band,France,Lorient
The Scratch Perverts & Second to None,Royaume-Uni,Londres
The Screaming Blue Messiahs,Royaume-Uni,Londres
The Shakers,France,Rennes
The Shamen,Royaume-Uni,Aberdeen
The Shoes,France,Reims
The Skins,Etats-Unis,
The Slow Sliders,France,Brest
The Sons of Silence DJ's,Royaume-Uni,
The Soup Dragons,Royaume-Uni,Glasgow
The Squares,France,Nancy
The Stairs,Royaume-Uni,Liverpool
The Stooges Project (feat. J Mascis),Etats-Unis ,Ann Arbor
The Storm & Jazzy Project,Allemagne,
The Strut Players DJ's,Royaume-Uni,
The Struts,Royaume-Uni,Derby
The Sugarcubes,Islande,Reykjavik
The Summer Of Maria False,France ,Rennes
The Sunday Drivers,Espagne,Tolède
The Sunshine Underground,Royaume-Uni,Leeds
The Thrills,Irlande,Dublin
The Ting Tings,Royaume-Uni,Salford
The Toxic Avenger,France,Paris
The Travellers,France,
The Truth,Royaume-Uni,Londres
The Twelves,Brésil ,Rio de Janeiro
The Undertones,Royaume-Uni,Derry
The Very Best,Malawi,
The Vienna Vegetable Orchestra,Autriche,
The View,Royaume-Uni,Dryburgh
The Wankin' Noodles,France,
The Wankin' Noodles,France,
The Wankin' Noodles,France,
The Wankin' Noodles,France,Rennes
The Washington Squares,Etats-Unis,New-York
The Weather (feat. Busdriver, Daedelus & Radioinactive),
The Whip,Royaume-Uni,Manchester
The Whitest Boy Alive,Norvège,Berlin
The Wild Ones,Belgique,Bruxelles
The Willowz,Etats-Unis ,Anaheim
The Wiseguys,Royaume-Uni,Londres
The Wiseguys,Royaume-Uni,Londres
The Woodentops,Royaume-Uni,Londres
The Words,France,Nancy
The Young Gods,Suisse,Fribourg
Thievery Corporation,Etats-Unis ,Washington DC
Thony Maskot,France,
Thumpers,Royaume-Uni,
Thylacine,France,Angers
Ticket,France,Nantes
Tiefschwarz,Allemagne,Berlin
Tiga,Canada,Montréal
Tiger & Woods,Italie,
Tiloun,France (Réunion),
Tim Exile,Royaume-Uni,
"Tim ""Love"" Lee",Royaume-Uni,Londres
Tim Wright,Royaume-Uni,York
Tinariwen,Mali,
Tiny Masters Of Today,Etats-Unis,New-York
Tipsy,Etats-Unis,San Francisco
Titan,Mexique,
TNGHT,Canada,
Tobo et les Flammes,France,Rennes
Todd Terje,Norvège,
Tohu Bohu,France,Rennes
Tohu Bohu,France,Rennes
Tom Bouthier,France,Rennes
Tom Mc Rae,Royaume-Uni,Londres
Tom Violence,France ,Rennes
Tonino Carotone,Espagne,
Tony Allen,Nigéria,
Tony Joe White,Etats-Unis,Nashville
Tony Truant,France,Paris
Too Many Zooz,Etats-Unis,New-York
Tortoise,Etats-Unis,Chicago
Totally Enormous Extinct Dinosaurs,Royaume-Uni,Oxford
Toups Bebey & Pact,Cameroun,
Trachtenburg Family Slideshow Players,Etats-Unis ,New-York
Tragically Hip,Canada,Kingston
Transformer,Royaume-Uni,Brighton
Transglobal Underground,Royaume-Uni,Londres
Trap,France,
Treponem Pal,France,Paris
Treva Whateva,Royaume-Uni,
Tribeqa,France,
Trio Erik Marchand,France,Bretagne
Trotskids,France,Rennes
Trumystic Sound System,Etats-Unis,New-York
Tryo,France ,
TTC,France,Paris
Tumi Mogorosi,Afrique du Sud,
Tunng with Buck 65 & Serafina Steer,Royaume-Uni,Londres
TVC 15,France,Rennes
TV Glory,France,Lille
Tweed,France,Rouen
Twenty Miles,Etats-Unis,
Twisted Charm,Royaume-Uni,Londres
Ty,Royaume-Uni,Londres
Ubik,France,Rennes
Ubik,France,Rennes
Ubik,France,Rennes
Ugly Duckling,Etats-Unis ,Long Beach
Ulan Bator,France,Paris
Ultimate High (vs Pills en invité surprise),France,
Uminski,France,Paris
Underground Resistance,Etats-Unis,Detroit
Unholy Trinity,Royaume-Uni,Londres
Urban Dance Squad,Pays-Bas,Utrecht
Ursula Rucker,Etats-Unis ,Philadelphie
US3,Royaume-Uni,Londres
Useless,France ,Lille
U.V. Jets,France,Brest
UZ,France,
Vaudou Game,Togo,Lomé
Vein,France,Rennes
Velvet Two Stripes,Suisse,
Vendetta Palace,France,Paris
Ventre,France,Nice
Venus,Belgique,
Venus de Rides,France,Rennes
Venus de Rides,France,Rennes
Véra Bila & Kale,République Tchèque,Rokycany
Verska Vis,France,Rennes
Verveine,Suisse,Vevey
Vibeke Hansen,Danemark,Copenhague
Vibrastone,Japon,Tokyo
Vic Chesnutt,Etats-Unis,Georgie
Vilify,Canada,Montreal
Villanova,France,Marseille
Vinnie Who,Danemark ,Copenhague
Virago,France ,Grenoble
Vitalic,France,Dijon
Vitalic VTLZR,France,
Viva Voce,Etats-Unis ,Portland
VKNG,France,Paris
Voice of the Beehive,Etats-Unis,Laguna Beach
Volta & Fx 909,France,Paris
Von Magnet,France,Londres
Von Magnet,France,Paris
Von Pariahs,France,La Roche-sur-Yon
Von Pariahs,France,Nantes
Vrelo,Serbie,
V.V. Brown,Royaume-Uni,Londres
Wagner Pa,Brésil,Barcelone
Waï,Nouvelle-Zélande,
Wai,Nouvelle-Zélande,
Wakal,Mexique,Mexico
Wang Lei,Chine,
Wang Leï,Chine,
Wanted Posse,France,
Wanted Posse,France,Lognes aux Segrais
Wart,France,Rennes
Washington Dead Cats,France,Paris
Wax Tailor,France,Vernon
Wayne Kramer,Etats-Unis,Detroit
We Are Standard,Espagne,Bilbao
We Are Van Peebles,France,Rennes
Ween,Etats-Unis,Philadelphie
We Have Band,Royaume-Uni,Londres
West Indies Desire,France,
Wet Furs,France,Bordeaux
White Rabbits,Etats-Unis ,New-York
Who Made Who,Danemark,
Whore,France,Rennes
Why Ted?,France,Laval
Wife,Irlande,
Wild Child,France,Marseille
Wild Swans,Royaume-Uni,Liverpool
Wilkimix,France,
Wilkimix,France,
Wilkimix,France,
William Vivanco,Cuba,La Havane
Willie Cortez,France,Paris
Will T.Massey,Etats-Unis,Austin
Winston MC Anuff & The Bazbaz Orchestra,Jamaïque,
Witty Crew,France,Rennes
Wolf People,Royaume-Uni,Londres
Wonderboy,France,Rennes
Wooden Shjips,Etats-Unis,San Francisco
Woodentrucks,Belgique,Bruxelles
World Domination Enterprises,Royaume-Uni,Londres
World Party,Royaume-Uni,Londres
Wroomble Experience,France,Nancy
WU LYF,Royaume-Uni,Manchester
Wylde Bunch,Etats-Unis ,Los Angeles
X Makeena,France ,Rennes
X-Makeena,France ,Rennes
X Makeena,France ,Rennes
X Makeena,France ,Rennes
X-Ray Pop,France,Tours
X-Ray Pop,France,Tours
Yann Tiersen,France ,Brest
Yann Tiersen,France ,Brest
Yann Tiersen & Shannon Wright,France,Brest
Yargo,Royaume-Uni,Manchester
Yargo,Royaume-Uni,Manchester
Yat-Kha,République de Tuva,
Yo Majesty,Etats-Unis,Tampa
Yosh,France,Toulouse
Young Drills,Russie,
Yuksek,France,
Yuksek,France,Reims
Za!,Espagne,Barcelone
Zak Laughed,France,Clermond-Ferrand
Zammuto,Etats-Unis,
Zam Rock,Zambie,
Zao,Congo,Brazzaville
Zazou Bikaye,France,
Zebda,France,Toulouse
Zeds Dead,Canada,Toronto
Zeljko Kerleta & The Space Runners,Serbie,Belgrade
Zero 7,Royaume-Uni,Londres
Zero 7,Royaume-Uni,Londres
Zero DB,Norvège,Londres
Zero,France,Rennes
Zimpala : Bnx & Walter,France,Bordeaux
Zion Train,Royaume-Uni,Londres
Zodiac Mindwarp & The Love Reaction,Royaume-Uni,Londres
Zombie Zombie,France,
Zomby,Royaume-Uni,Londres
Zong,France (Réunion),
Zong,France (Réunion),
Zoolander,Russie,
Zoot and The Roots,Royaume-Uni,York
Zuco 103,Pays-Bas,Amsterdam
