1000 Names,Bulgarie,,2006
12 Rounds,Etats-Unis,Madison,
13th Hole,France,Rennes,
22 Pistepirkko,Finlande,Utajärvi,1980
24.7 Spyz,Etats-Unis,New-York,1986
2 Bal 2 Neg',France,Chelles,1989
2 Many Djs,Belgique,,
3 Mustaphas 3,Royaume-Uni,Londres,1985
4 ??????? ?????,Russie,,
50 Miles From Vancouver,France,Brest,2009
64 Dollar Question,France,Caen,2005
69,France,,2007
78 RPM Selector,Inde,,2008
808 State,Royaume-Uni,Manchester,
Abraham Inc.,Royaume-Uni,,2008
Abstrackt Keal Agram,France,Morlaix,
Accrorap,France,,1993
Ace,France ,Nancy,
Acid Arab,France,Paris,2012
Acid Brass,Royaume-Uni,,
AD,France,Rennes,2008
A.D.O.R.,Etats-Unis,Mount Vernon,
Adrian Veidt,France,Rennes,2012
Aeroplane,Belgique,,
Aesop Rock,Etats-Unis ,New-York,
Affection Place,France,Lyon,1978
Africa Unite,Italie ,Turin,1981
Afro Celt Sound System,Royaume-Uni,Londres,1995
Afro Jazz,France,,
Agent Side Grinder,Suède,,2005
Age of Chance,Royaume-Uni,Leeds,1985
Agoria,France,Lyon,1999
Aï,France,Paris,
Aipa'Atout,France,Rennes,
Aïsha Kandisha's Jarring Effects,Maroc,,1988
Aïwa,France ,Rennes,
Aj Croce,Etats-Unis,San Diego,
Akabu,Royaume-Uni,,1988
Aktuel Force,France,,1984
Alabama 3,Royaume-Uni,Londres,1989
Alan Stivell,France,,Fin 1960's
Albert Hammond Jr,Etats-Unis ,New-York,1998
Alec Metric (Live),Royaume-Uni,,2005
Alee,France ,Rennes,2002
Alejandro Escovedo,Etats-Unis,Austin,Milieu 1970's
Alexander Kowalski,Allemagne,Berlin,
Alexander Tucker,Royaume-Uni,Londres,2000
Alex Grenier,France,,2000
Ali Hassan Kuban,Egypte,Le Caire,1942
Alliance Ethnik,France,Creil,1990
Alphaat,France,Nantes,2010
Alphabet,France,Rennes,2011
Alsarah & The Nubatones,Soudan,,2010 / Alsarah seule : première moitié des années 2000
Amadou & Mariam,Mali,Bamako,1980
Amon Tobin,Brésil,,
Amp Fiddler,Etats-Unis ,Detroit,
Anches Doo Too Cool Duo,France,Rennes,1978
Anches Doo Too Cool Duo,France,Rennes,1978
Andre Bratten,Norvège,Oslo,2013
André Roque,France ,Rennes,
Andrew More,France,Paris,
Andy Bag,France,,
 And You'll Know Us By The Trail Of Dead,Etats-Unis ,Austin,
Anechoic Chamber,France,Strasbourg,
An Experiment On A Bird In The Air Pump,Royaume-Uni,Londres,
Ani DiFranco,Etats-Unis,New-York,1990
Animal Chuki,Pérou,Lima,2012
Añjel I.K.,France,,
Anna Palm,Royaume-Uni,Londres,
Annie Ebrel,France,,
An Pierlé,Belgique,,
Anthony Joseph & The Spasm Band feat Joe Bowie,Trinidad & Tobago,Trinidad,2001
Anti Pop Consortium,Etats-Unis ,New-York,
Aphrodite,Royaume-Uni,Londres,1988
Apochela,France,Rennes,2013
Apple Mosaïc,Royaume-Uni,Bristol,
April March,Etats-Unis ,New-York,
Archipel,France,,2012
Arling & Cameron,Pays-Bas,Berlin,
Arno,Belgique,,
Arno,Belgique,Ostende,1970
A,Royaume-Uni,Suffolk,
Ar Re Yaouank,France,,1986
A.S. Dragon,France,Paris,
Ash,Irlande,Downpatrick,1992
Ashley Beedle,Royaume-Uni,Londres,1989
Ashley MacIsaac,Canada,Toronto,1992
Ashley Slater,Royaume-Uni,Brighton,
Assassin,France,Paris,1985
Astrodynamics,France,Rennes,2008
A Subtle Plague,Etats-Unis,San Francisco,Milieu 1980's
Athlete,Royaume-Uni,Depford,
Atom,France,Rennes,
Atomic Swing,Suède,Stockholm,1992
Atom Rhumba,Espagne,,
AtomTM,Allemagne,,
A-Trak,Canada,Montréal,1997
A Tribe Called Red,Canada,Ottawa,2010 (2008 en duo)
Attaque,Royaume-Uni,Colchester,2011
At The Drive In,Etats-Unis ,El Paso,
Attica Blues,Royaume-Uni,Londres,1994
Attila Project,France,,
Audio Active,Japon,,
Audio Bullys Sound System,Royaume-Uni,Londres,
Audrey Katz,France,Paris,2007
Aufgang,Luxembourg,,2000
Au Milieu Des Choses,France,,
Au P'tit Bonheur,France,Paris,1991
Autokratz,Royaume-Uni, ,2006
Ava Luna,Etats-Unis,,2006
Avondale Airforce,Etats-Unis,,2009
Avril,France,Paris,
A-Wa,Yémen,,2013
Awesome Tapes From Africa,Etats-Unis,,2006
Axel Krygier,Argentine,Buenos Aires,
Azaxx,France ,Rennes,
B3,France,Saint-Brieuc,
Baaba Maal,Sénégal,Podor,1985
Baadman,France,Caen,2009
Babar Luck,Royaume-Uni,Londres,2005
Baba Touré,Côte d'Ivoire,Abidjan,
Babe,France,,2010
Babylon Fighters,France,Saint-Etienne,
Backpack Jax,France,Nantes,2009
Back to The Planet,Royaume-Uni,Londres,1989
Bad Livers,Etats-Unis,Austin,1990
Badly Drawn Boy,Royaume-Uni,Manchester,
Badume's Band,France,,2004
Baloji,Belgique,,2006
Bams,Cameroun,,
Band Apart,France,Marseille,
Bandulu,Royaume-Uni,Londres,1992
Bangkok Paddock,France,Poitiers,1988
Bantam Lyons,France,Nantes,2011 en duo / 2013 en quatuor
Bantam Rooster,Etats-Unis,,
Baris K & Mini,Turquie,,
Barking Dogs,France,Paris,1988
Barnt + Aguayo,Allemagne,Cologne,2014 / 2010 pour Barnt / 1998 pour Matias Aguayo
Barnt,Allemagne,Cologne,2010
Barrence Whitfield & The Savages,Etats-Unis,Boston,
Basement Jaxx ,Royaume-Uni,Londres,1994
Bassbin Twins,Etats-Unis,San Francisco,1992
Batida,Portugal,,2008
Bauchklang,Autriche,,
Bauchklang,Autriche,,
Bauchklang,Autriche,,1996
Beardyman,Royaume-Uni,Brighton,2001
Beast,Canada,Montréal,2004
Beastie Boys,Etats-Unis ,New-York,1981
Beataucue,France,,2009
Beats & Styles,Finlande,,1996
Beat Torrent,France,Paris,2007
Beck,Etats-Unis,Los Angeles,1988
Bed,France,,
Bedlam Ago Go,Royaume-Uni,Leeds,
Bel Canto,Norvège,Tromsø,1986
Belone,France,Saint-Lô,2005
Belone Quartet,France,Nantes,2004
Ben Harper,Etats-Unis ,,
Ben Harper,Etats-Unis,Claremont,1992
Benjamin Clementine,Royaume-Uni,,2012
Benjamin Diamond Electro Band,France,Paris,
Benjamin Zephaniah,Royaume-Uni,Londres,
Ben Vaughn Combo,Etats-Unis,Philadelphie,1983
Berlin 38,France,Avignon,1979
Bertrand Burgalat,France,Paris,
Bérurier Noir,France,Paris,
Bérurier Noir,France,Paris,1981
Beth Gibbons & Le Peuple de l'Herbe,Royaume-Uni,,
Betty Boop,France,Dijon,1989
Bibi Tanga & Le Professeur Inlassable,Republique Centrafricaine,,2007
Big Buddha,France,,
Big Buddha,France,,
Big Buddha,France,Marseille,
Big Buddha,France,Marseille,
Big Buddha,France,Marseille,
Big Buddha,France,Marseille,
Big Buddha,France,Marseille,
Big Buddha & Tamm Ha Tamm,France,Marseille,
Big Soul,Etats-Unis,San Francisco,1989
Bikini Machine,France ,Rennes,
Bikini Machine,France ,Rennes,
Bikini Machine,France ,Rennes,
Bikini Machine,France ,Rennes,
Bikini Machine,France ,Rennes,
Bill Baxter,France,Paris,1977
Bill Riley,Royaume-Uni,,
Billy Ze Kick,France,Rennes,1990
Bim Sherman,Jamaïque,,1975
Birdy Nam Nam,France,,
Birdy Nam Nam,France,,2002
Birdy Nam Nam,France,,2002
Birth of Joy,Pays-Bas,,2008
Bison Bisou,France,Lille,2011
Björk,Islande,Reykjavik,1977
Bjørn Berge,Norvège,,
Blackbelt Andersen,Norvège,,
Black Blanc Beur,France,Nantes,1996
Black Commando,Etats-Unis,New-York,2014
Black Ham,France,Rennes,2005
Black Lions & Wadada,France,Marseille,
Black Maria,France,Evreux,1985
Black Star Liner,Royaume-Uni,Leeds,1994
Black Strobe,France,Montpellier,1997
Blah Blah Blah,Irlande,Belfast,1983
Blamma! Blamma!,Royaume-Uni,Londres,2006
Blessed Virgins,France,Pontoise,1981
Blindfolded,France,Bordeaux,
Blind,France,,
Blink 182,Etats-Unis ,Sacramento,
Blitz The Ambassador,Etats-Unis,New-York,2000
Blk Jks,Afrique du Sud,Johannesbourg,2000
Bloodhound Gang,Etats-Unis,Trappes,1992
Blubbery Hellbellies,Royaume-Uni,Londres,
Blues'N'Trouble,Royaume-Uni,Londres,1980
Blurt,Royaume-Uni,,
Blurt,Royaume-Uni,Stroud,1980
Blutch,France,,2012
Bly,France ,Lens,
Boat People Superstar,France ,Rennes,
Bobby Conn,Etats-Unis ,Chicago,
Bobby Hardcore Liberace,France,Paris,
Bobby Hardcore Liberace,France,Paris,
Bobby Hardcore Liberace ,France,Paris,
Bobby Hardcore Liberace,France,Paris,1999
Bobby Hardcore Liberace & Lee Hands Perrins,France,,1999
Bobby Hardcore Liberace & Lee Hands Perrins,France,Paris,
Bobby Sichran,Etats-Unis,New-York,
Bob Log III,Etats-Unis,,
Bo Diddley,Etats-Unis,Chicago,1951
Bo Dollis & The Wild Magnolias,Etats-Unis,La Nouvelle Orléans,1950's
Bogeymen,France,Angoulême,Début 1990's
Bomba Estereo,Colombie,Bogota,2005
Bon Iver,Etats-Unis ,Northwestern,2007
Boogaloo - Lotari and more,France ,Rennes,
Boogie Balagan,Israël,,
Boom Bip,Etats-Unis ,Cincinnati,
Bootsauce,Canada,Montréal,1989
Bootsy Collins'Rubber Band,Etats-Unis,Cincinnati,1976
Boo Yaa T.R.I.B.E.,Samoa ,,1988
Boplicity,France,,
Border Crossing,Royaume-Uni,Londres,
Borghesia,Yougoslavie,Ljubljana,1982
Boris Brejcha,Allemagne,,2006
Bosco Delrey,Etats-Unis,,2009
Boston Bun,France,Lille,2011
Botibol,France,,2006
Boukman Eksperyans,Haïti,Port-au-Prince,1987
Bow Low,France,Caen,2005
Boys Noize,Allemagne,,1996
Boys Wonder,Royaume-Uni,Londres,1987
Braise Cendar,France,Lille,
Brassy,Royaume-Uni,Manchester,
Breakage,Royaume-Uni,,
Breakestra,Etats-Unis ,Los Angeles,
Breakout Project,France ,Rennes,
Breton,Royaume-Uni,Londres,2009
Brett Johnson,Etats-Unis ,Seattle,Fin 1980's
BrightBlack Morning Light,Etats-Unis ,,2002
Brodinski,France,,2004
Bros Before Hoes,France,Rennes,2008
Brother Resistance,Trinité et Tobago,,Début 1970's
Bruno Green & The Easy Sliders,France,Rennes,
B.T.,Etats-Unis,Los Angeles,
Budam,Iles Féroé,,2007
Buddy Curtess and the Grasshoppers,Royaume-Uni,,
Budju,France,Rennes,2011
Bumcello,France,Paris,
Bumpkin Island,France,Saint-Brieuc,2010
Burning Heads,France,Orléans,1988
Burning House,France ,,2010
Busta Flex,France ,Paris,1994
Cabaret Voltaire,Royaume-Uni,Sheffield,1973
Café Tacuba,Mexique,Mexico ,1989
Cage The Elephant,Etats-Unis ,Bowling Green,2005
Calexico with Mariachi Luz de Luna,Etats-Unis ,Tucson,
Calvin Harris,Royaume-Uni,Dumfries,1999
Camera,Allemagne,Berlin,2010
Campag Velocet,Royaume-Uni,Londres,
Candie Payne,Royaume-Uni,Liverpool,2001
Candie Prune,France ,Rennes,1995
Cannibal Ox,Etats-Unis ,Niles,
Canray Fontenot & Elridge Thibodeaux,Etats-Unis,Welsh,1937
Capacocha,Pays-Bas,,2006
Carbon Airways,France,Besançon,2010
Carbon/Silicon,Royaume-Uni,Londres,2002
Cardopusher,Venezuela,,2005
Carl Cox,Royaume-Uni,Londres,1977
Carl Hancock Rux,Etats-Unis ,New-York,
Carlinhos Brown,Brésil,,
Carmel,Hongrie,,
Carmel,Royaume-Uni,Manchester,1981
Carré Manchot,France,,1986
Carte de Séjour,France,Lyon,1980
Carton Park,France,,2007
Casse Pipe,France ,Saint-Brieuc,1990
Cassius,France,Paris,1988
Cass McCombs,Etats-Unis,,
Cast of Thousands,Irlande,,
Catalogue,France,Paris,1979
Cat Power,Etats-Unis,Atlanta,
C.C.C.P.,Italie,Carpi,1982
Cell,Etats-Unis,New-York,1990
Celtas Cortos,Espagne,Valladolid,1986
Cercueil,France,Lille,
Certain General,Etats-Unis,New-York,1980
Champion,Canada,Montréal,
Chancha Via Circuito Feat. Miriam Garca,Argentine,Bueno Aires,2006 / 2000 sous le nom de Universildo
Charged feat. Bill Laswell, Eraldo Bernocchi,Etats-Unis,
Charles & Les Lulus,Belgique,Bruxelles,1991
Charles Schilling,Belgique,,1992
Charlie Cottage,France,Saint-Malo,1991
Charlie Kane,Royaume-Uni,,2011
Chateau Flight (feat. Gilb'r & I:Cube),France,Paris,
Cheb Kader,Maroc,Paris,1982
Chelsea,France,Paris,
Cherif M'baw,Sénégal,,
Chevalier Brothers,Royaume-Uni,Londres,1982
Chicco,Afrique du Sud,Soweto,
Chic Gamine,Canada,Winnipeg,2007
Chico,France,Nancy,1980
Chico Science & Nação Zumbi,Brésil,,
Childrum,France,Rennes,2010
China Rats,Royaume-Uni,Leeds,2011
!!! (Chk Chk Chk),Etats-Unis ,New-York,
Chocolate Donuts,France,Caen,2008
Choream,France,,1993
Choréam,France,Montreuil,
Chris De Luca Vs Phon.o,Allemagne,,2006
Christian Dargelos,France,Rennes,1977
Christian Dargelos,France,Rennes,1977
Christian Marclay,Etats-Unis,New-York,
Christine,France,Rouen,2010
Chris Whitley,Etats-Unis,Houston,1978
Cibelle,Brésil,São Paulo,
Cie 6ème dimension,France,Evry,
Cie Engrenage - I Feel Good,France,Rennes,
Cie Lalala Human Steps,Canada,Montréal,1980
Cie Rêvolution,France,Bordeaux,
Cinematic Orchestra,Royaume-Uni,,
Cisum,France,Rennes,
Citrus,France,Paris,
City Kings,France ,Rennes,
Cj Bolland,Belgique,,
C K C,France,Rouen,
Clap! Clap!,Italie,,2013 / 2008 sous le nom de Digi G'Alessio / 1999 en tant que saxophoniste de jazz
Clap Your Hands Say Yeah!,Etats-Unis ,New-York,
Clara Moto,Autriche,,2007
Clarens,France,Rennes,2012
Clea & Mc Leod,Royaume-Uni,Londres,
Cleveland Watkiss,Royaume-Uni,Londres,
Clockwork of the Moon,France,Caen,2008
Clotaire K,Liban,Beyrouth,1996
Clyde P,France,Paris,2013
CNN,Royaume-Uni,Leeds,1992
Cody ChesnuTT,Etats-Unis ,,
Coeur Noir,France,Toulouse,
Coldcut,Royaume-Uni,Londres,
Coldcut,Royaume-Uni,Londres,
Colder,France,Paris,
Cold War Kids,Etats-Unis ,Fullerton,2004
Colin James,Canada,Vancouver,
Colin Stetson,Canada,Montréal,1994
Compact Disk Dummies,Belgique,Desselgem,2010
Compagnie Black Blanc Beur,France,Nantes,1996
Compagnie Cool Spirit,France,,
Compagnie Eskemm,France,Lorient,2003
Compagnie Ethadam,France,,
Compagnie Figure 2 Style,France,Dijon,1996
Compagnie Khady Fofana,France,Villeneuve-la-Garenne,2005
Compagnie Révolution,France,Bordeaux,
Compagnie S'Poart,France,La Roche-sur-Yon,1996
Compagnie Xpress,France,,2001
Compagnie Zahrat & Top 9,France,,
Complètement,France,Troyes,
Complot Bronswick,France,Rennes,1981
Complot Bronswick,France,Rennes,1981
Complot Bronswick,France,Rennes,1981
Complot,France ,Rennes,1981
Compuphonic,Belgique,,2003
Computer Jockeys,Allemagne,,
Concrete Knives,France,Flers,2007
Connan Mockasin,Nouvelle-Zélande,,2004
Cool Freddy Jay,France ,Paris,
Cop Shoot Cop,Etats-Unis,New-York,1987
Corazon Rebelde,France,Paris,
Core Dump,France,Rennes,
Corman & Tuscadu,France,Nîmes,1987
Corman & Tuscadu,France,Nîmes,
Cornershop,Royaume-Uni,Leicester,1992
Cosmic Wurst,France,Paris,1984
Cosmogol & Barbatrax,France ,Rennes,
Cosmo Sheldrake,Royaume-Uni,Londres,2012 / 2007 avec le groupe Gentle Mytics
Costello,France,Bordeaux,2007
Costes,France,Paris,1985
Count Indigo,France,,
Courtney Barnett,Australie,Melbourne,2010
Courtship Ritual,Etats-Unis,New-York,2013
Cousteau,Royaume-Uni,Londres,
Cowboy Mouth,Etats-Unis,La Nouvelle Orléans,1990
Coyote Pass,France,Brest,1985
Cracker,Etats-Unis,,1991
Crane Angels,France,,2007
Crazy Town,Etats-Unis ,Los Angeles,
Creature,Canada,Montréal,2004
Croaks,France,Rouen,
Crocodiles,Etats-Unis,San Diego,2008
Crookers,Italie,,2004
CSS (Cansei De Ser Sexy),Brésil,São Paulo,2003
Cubist Blues (Alan Vega / Alex Chilton / Ben Vaughn Combo),Etats-Unis,New-York,
CUIR! Moustache,France,,2008
Curtis Harding,Etats-Unis,Atlanta,2013 / 2002 avec Cee-Lo Green
Curve,Royaume-Uni,Londres,1991
Cut The Navel String,France,Angers,
CWP 35,France,Rennes,1991
Cypress Hill,Etats-Unis,Los Angeles,1988
Daara J,Sénégal,,1997
Daddy Yod,France,Saint-Denis,1985
Dad Rocks!,Danemark,Arhus,2009
Daft Punk,France ,Paris,1993
Daft Punk,France,Versailles,1993
Dahlia,France ,Rennes,
Daisy Duck,France,Nice,
Dajla,France,,
Dajla,France,,2004
Dakhabrakha,Ukraine,,2004
Damien,France,,
Dam,Palestine,,1999
Dan Deacon,Etats-Unis ,Baltimore,2003
Danielle Dax,Royaume-Uni,Londres,1981
Daniel Waro,France,,1975
Danton Eeprom,France,,
Danton Eeprom,France,,
Danyel Waro,France (Réunion),,1975
Danyel Waro,France (Réunion),Réunion,
Danyel Waro,France (Réunion),Réunion,
Danyel Waro & Titi Robin,France (Réunion),Réunion,1975
Daphree Phunkateerz,France,,
Darjeeling Speech,France,Rennes,2014 / 2004 avec Micronologie
Darko,France,,2006
Darlin Nikki,France ,Rennes,
Darrell Wynn,Etats-Unis,,
Darren Price,Royaume-Uni,Londres,
Dash Rip Rock,Etats-Unis,Baton Rouge,1984
Datarock,Norvège,Bergen,
Dat Politics,France,Lille,
Daughn Gibson,Etats-Unis,,2012 / 2001 en tant que batteur du groupe Pearl and Brass
Dave Clarke,Royaume-Uni,Brighton,1990
David Holmes,Royaume-Uni,,
David Krakauer & Socalled,Etats-Unis ,New-York,1985
David Peel & The Lower East Side,Etats-Unis,New-York,1968
David Thomas & Two Pale Boys,Etats-Unis,Cleveland,
David Walters,France,Paris,
Dazibao,France,Paris,1983
DBFC,DBFC,Paris,2014
DCA,France ,Rennes,
DC Basehead,Etats-Unis,Maryland,
Dead,France,,2012
Dead Gregory's,France,Rennes,
Dead Kids,Royaume-Uni,Londres,2006
Dead Obies,Canada,Montréal,2011
Death in Vegas,Royaume-Uni,Brentford,1994
Debmaster,France,Angers,2003
Deche dans Face,France ,Bordeaux,
Dédé Traké,Canada,Montréal,1989
Dee Jay Punk-Roc,Etats-Unis,New-York,1987
Deep Dish,Etats-Unis ,Washington DC,
Def Cut,Suisse,,
Defek Fun,France,Rennes,1989
De La Soul,Etats-Unis ,New-York,
Del Cielo,France ,Rennes,2006
Dellarge,Mexique,Mexico,2002
Dels,Royaume-Uni,Londres,2007
Demolition Doll Rods,Etats-Unis ,Detroit,
Dempster Highway,France,Clermond-Ferrand,2010
Denez Prigent,France,,
Denez Prigent,France               ,,
Denez Prigent,France,,
Denez Prigent,France,Bretagne,
Dengue Fever,Cambodge,,2001
Den Sorte Skole,Danemark,Copenhagen,2003
De Portables,Belgique,Gand,1996
Deportivo,France,,
Depth Affect,France,Nantes,2003
Depth Charge,Royaume-Uni,,
Derrick Carter,Etats-Unis,Chicago,
Des Airs,Belgique,Bruxelles,
Desert Rebel,Niger,,
Detrimental,Royaume-Uni,Leeds,
Detroit Social Club,Royaume-Uni,Newcastle-upon-Tyne,2007
Dewey Balfa,Etats-Unis,Mamou,1947
Dgiz,France,Paris,
Dick Tracy,France,Nancy,1980
Didier Sinclair,France,Montpellier,1982
Digicay,France ,Rennes,
Digicay,France ,Rennes,
Digicay,France ,Rennes,
Digicay,France ,Rennes,
Digitalism,Allemagne,Hambourg,2004
Dimitri from Paris,France ,Paris,1986
Dionysos,France ,Valence,1993
Diplo,Etats-Unis,,2003
Dirty District,France,Sèvres,1985
Dirty Three,Australie,Melbourne,1992
Disco Anti Napoleon,France,Nantes,2010
Dissonant Nation,France,Marseille,2008
Dizzee Rascal,Royaume-Uni,Londres,
Dizzee Rascal,Royaume-Uni,Londres,2000
Dizzy Romeo,France,Rennes,
DJ Adams Roy,France ,Rennes,
DJ Aï,France,Paris,1997
Djak,France,Angers,2007
Django Django,Royaume-Uni ,Ecosse,
Dj Assault,Etats-Unis ,Detroit,
DJ Ata,Allemagne,Francfort,Fin 1980's
DJ Azaxx,France,,
DJ Azaxx,France,,
DJ Azaxx,France,,
DJ Azaxx,France,,1995
DJ Azaxx,France ,Rennes,
DJ Azaxx,France ,Rennes,
DJ Barmy & DJ Oates,Royaume-Uni,Londres,
DJ Ben,France,Tours,1984
DJ Benny Boy,France,,
DJ Benoît de Grooves,France ,Rennes,
DJ Bertrand,France,Paris,
DJ Big Buddha,France,,
DJ Big Buddha,France,,
DJ Big Buddha,France,Marseille,
DJ Big Buddha,France,Marseille,
DJ Bikini,France ,Rennes,
DJ Blake Baxter,Etats-Unis,Detroit,Début 1980's
DJ Bobby Hardcore Liberace,France,,
DJ Boogaloo vs DJ Lotari,France ,Rennes,
DJ Cam,France,Paris,
DJ Carl Cox,Royaume-Uni,Oldham,1988
DJ Cash Money,Etats-Unis ,Philadelphie,
DJ Ced,France,Rennes,1994
DJ Cheb Aziz,Maroc,,
DJ Cheb Aziz,Maroc,Rennes,
DJ Click,France,Paris,2000
DJ Cook,France,,
DJ Cook,France,,
DJ Cook,France ,Rennes,
DJ Core Dump,France,Rennes,
DJ Cover,France,Rennes,Début 1990's
DJ Crabbe,France,,1987
DJ Cutlass Supreme,Royaume-Uni,,
DJ Dee,France,Rennes,
DJ Deep,France,,1988
DJ Dick,Allemagne,,1984
DJ Dick,Royaume-Uni,,
DJ Doc Martin,Etats-Unis,San Francisco,1986
DJ Don Lurie,France ,Rennes,
DJ Double A & Jack O'Mollo,Suisse,Lausanne,
DJ DSL,Autriche,,
Djedjotronic,France,,2006
DJ Erik Rug,France,Paris,1989
DJ Eye Spoon,France,,
DJ Flow & Mc Darrison,France ,Rennes,
DJ Flow & MC Youthman,France ,Rennes,
DJ Format & Mc Abdominal,Royaume-Uni,Londres,
Dj Fstep Back2back,Russie,Moscou,
DJ Funk,Etats-Unis,Chicago,
DJ Galliano,France ,Valence,1992
DJ Geoffroy,Belgique,,1991
DJ GG,France,Rennes,1990
DJ Gilb'r,France,Paris,
DJ Gilb-R & MC Otis,France,,
DJ Graeme Park,Royaume-Uni ,Aberdeen,1987
DJ Gregory,France ,Paris,1988
DJ Haze,France ,Rennes,
DJ Hell,Allemagne,Munich,
DJ Jack,France,Marseille,1990
DJ Kentaro,Japon,,
DJ Kevin,France ,Nice,
DJ Kosmo Pilot,France ,,
DJ Kosmo Pilot,France,Saint-Malo,2009
DJ Krush,Japon,Ibaraki,1983
DJ Le Clown,France ,Rennes,
DJ Le Clown Video Circus,France,,2006
DJ Lewis,Royaume-Uni,Londres,
DJ Linus,Allemagne,Munich,1987
DJ Marcelinho Da Lua,Brésil ,Rio de Janeiro,
DJ Marky feat. Dynamite MC,Brésil,São Paulo,
DJ Marmaille,France ,Rennes,
DJ Marrrtin All Stars,France ,Rennes,1998
DJ Marrrtin & DJ Junkaz Lou,France ,Rennes,
DJ Master H,France,Paris,
DJ Mau-Mau,Brésil,,1987
DJ Me DJ You,Etats-Unis ,Los Angeles,
DJ Mehdi,France,Paris,1992
DJ Mix Master Morris,Royaume-Uni,Brighton,1982
DJ Mo,Mali,,
DJ Moose,France,Paris,1991
DJ Morpheus,Belgique,,
DJ Morpheus,Belgique,,1981
DJ Morpheus,Belgique,,1981
DJ Morpheus,Belgique,,
DJ Morpheus,Belgique,,
DJ Morpheus,Belgique,,
DJ Morpheus,Belgique,,
DJ Morpheus,Belgique,,1994
DJ Morpheus,Belgique,,1994
DJ Morpheus,Belgique,,1994
DJ Morpheus,Belgique,,1994
DJ Morpheus,Belgique,,1981
DJ Morpheus,Belgique,,1994
DJ Morpheus,Belgique,,1994
DJ Morpheus & El Diablo,Belgique,,1981
DJ Morpheus & El Diablo,Belgique,,
DJ Morpheus,Israël,Tel Aviv,
DJ Morpheus,Israël,Tel Aviv,1981
DJ Mouss,France ,Paris,
DJ Mpula,Portugal,Lisbonne,2007
DJ Mujava,Afrique du Sud,,2002
DJ Némo & Tao Pai Pai,France ,Rennes,
DJ Netik & DJ Troubl',France ,Rennes,1997
Dj Netik,France,Rennes,
DJ Netik,France ,Rennes,
DJ Netik,France ,Rennes,
DJ Netik,France ,Rennes,1997
DJ Netik,France ,Rennes,1997
DJ Netik,France ,Rennes,1997
DJ Neva,France ,Rennes,
Djoloff,Sénégal,,
DJ Oof,France,Paris,
Dj Orange,Russie,,
DJ Ordoeuvre,France,Rennes,Début des années 2000
DJ Pascal R,France,Paris,1981
DJ Patife & Stamina MC,Brésil,São Paulo,
DJ Patrick Pulsinger,Autriche,,
DJ Phantom & DJ Ride,France,Tours,
Dj Pirumov,Russie,,
DJ Prosper,France,,
DJ Prosper,France,,1996
DJ Psyche,France,Rennes,2008
DJ  Q,Royaume-Uni,Ecosse,
DJ Recloose,Etats-Unis ,Detroit,
DJ Ride,Portugal,,2002
DJ Rockett,Royaume-Uni,Londres,
DJ Rodriguez,Italie,,
DJ Sambal,France,Rennes,2005
Dj Sandra,Russie,,
DJ Sandra,Russie,,
DJ Sandra,Russie,,
DJ Scissorkicks,Royaume-Uni,Buckinghamshire,
DJ Shadow,Etats-Unis,,1991
DJ Shakra,Etats-Unis,San Francisco,
DJ Sneak,Etats-Unis,Chicago,1992
Dj South Central,Royaume-Uni,Brighton,2006
DJ Spinna & Jigmastas,Etats-Unis,New-York,1980's
DJ Spooky,Etats-Unis ,New-York,1996
DJ's ???? ????????,Russie,,
DJ Stix,Royaume-Uni,Londres,
DJ Tonka,Allemagne,,
DJ Trevor Fung,Royaume-Uni,Londres,1982
DJ Wave,Etats-Unis,,
DJ Wave,Etats-Unis,,
DJ Wild Child,Royaume-Uni,Londres,1994
DJ Yoshinori Sunahara,Japon,,
DJ Zebra,France,,
DJ Zebra,France,,
DJ Zebra,France ,Paris,1990
DJ Zebra,France,Paris,1990
DJ Zebra,France,Rennes,1993
Doctor and the Medics,Royaume-Uni,Londres,1981
Doctor L & The Explorers,Irlande ,,
Dogs,France,Rouen,1973
DOIST!,France,,2010
Dolce Vita DJ's,Suisse,Lausanne,
Dolce Vita,France,Paris,
Doldrums,Canada,,2010
Dole,Belgique,Athus,1981
Dollkraut,Pays-Bas,Amsterdam,2007
Dominic Sonic & DJ Aï,France,Paris,1979
Dominic Sonic,France,Paris,1979
Dominic Sonic,France,Paris,1979
Dominic Young Unique,Etats-Unis,,2008
Dominique Dalcan,France,Paris,
Donalds,France,Paris,
Donké,Mali,Bamako,
Donna Summer,Allemagne,Berlin,
Don Rimini,France,,1998
Don Rimini,France,Paris,1998
Donso,Mali,,2004
Doo Rag,Etats-Unis,Tucson,1990
Dorothy Masuka,Zimbabwé,Hararé,1950's
Double Nelson,France,Nancy,
Downtown Cuckoo,France ,Rennes,2007
Dread Zeppelin,Etats-Unis,Graceland West,1989
Dread Zone,Royaume-Uni,Londres,1993
Dring Toy,France ,Rennes,
Dr Israel,Etats-Unis,New-York,1993
Drive Blind,France,Nîmes,1990
Dr Phibes & The House of Wax Equations,Royaume-Uni,Manchester,1990
Drugs,Etats-Unis ,Detroit,
Drumattic Twins,Royaume-Uni,Lancaster,
Dubitators & GSM,France ,Rennes,
Duels,Royaume-Uni,Leeds,
Dum Dum Boys,France,Nice,
Dupain,France,Marseille,
Duplexx aka.. Edan & Insight with guest Dagha,,,
Dwight Trible & The Life Force Trio,Etats-Unis ,Los Angeles,
Eagles Gift,France,Angers,2013
Earl Zinger,Royaume-Uni,Londres,
Easy Star All-Stars,Etats-Unis ,New-York,1995
Eat My Beat Mr Lenski,Russie,,2008
Eat Your Toys,France,Rennes,2007
Ebony Bones,Royaume-Uni,Londres,2006
Edith Presley,France,Rennes,2012
Edu-K,Brésil,,
Eeurop,France,Lorient,
Egyptian Hip Hop,Royaume-Uni,Manchester,2008
Eiffel,France,Bordeaux,
Einstürzende Neubauten,Allemagne,Berlin,1980
El Diablo,France,Réunion,
Elektrotwist,Allemagne,,
Element of Crime,Allemagne,Berlin,1985
Elephanz,France ,Nantes,2008
El Gran Silencio,Mexique ,Monterrey,1993
El Gringo,France,Rennes,
El Guincho,Espagne,,2006
Elli Medeiros,Uruguay,Paris,1976
Elmer Food Beat,France,Nantes,1986
El Pres!dente,Royaume-Uni,,
El Vez,Mexique,Etats-Unis,1988
Emir Kusturica & The No Smoking Orchestra,Serbie,,
Emma,France,Rennes,1993
End of Data,France,Rennes,1983
Engineers,Royaume-Uni,,
Entre les Deux Fils Dénudés de la Dynamo,France,Rennes,1979
Epic Rain,Islande,Reykjavik,2002
Eric Borgo,Suisse,,1992
Eric Débris AKA Dr. Mix,France,Paris,
Erik Truffaz & Murcof - The Mexico Project,France,,
Erol Alkan,Royaume-Uni,Londres,
Erol Alkan,Royaume-Uni,Londres,
Escort,Etats-Unis,New-York,2006
ESG,Etats-Unis ,New-York,
Esser,Royaume-Uni,Londres,2006
Étant Donnés & Thee Majesty,France,,
Etha Dam,France,Montreuil,1998
Ethadam,France,Paris,
Etienne Daho,France,Rennes,1980
Etienne Daho Jr,France,Rennes,1980
Etienne De Crécy Live (Superdiscount),France,,1993
Euphoric Trapdoor Shoes,France,Laval,
Eva Gardner,France,,
Evening Hymns,Canada,Toronto,2005
Evening Legions,France,Rennes,1981
Evil 9 feat. Juice Aleem & Toastie Taylor,Royaume-Uni,Brighton,
Excès de Zèle,France,Rennes,
Expø,France,Rennes,2012
EZ3kiel,France,Tours,
Ezra Bang & The Hot Machine ,Etats-Unis,New-York,
Ezra,France,Angers,
Facteur X,France,Rennes,1993
Factory Floor,Royaume-Uni,Londres,2005
Fakear,France,Caen,2010
Fake Blood,Royaume-Uni,,2007
Fancy,France,,Fin 1990's
Fatale,France,Paris,
Fatboy Slim,Royaume-Uni,Brighton,1981
Fat Supper,France,,2010
Fat Truckers,Royaume-Uni,Sheffield,
Faudel,France ,Mantes-la-Jolie,1990
Fauna featuring Tremor,Argentine,,2003
Faust,Allemagne ,Wumme,1971
Fawl,France,Dinan,2010
Faze Action,Royaume-Uni,Londres,
F.E.M.,France,Rennes,2011
Femi Anikulapo Kuti & The Positive Force,Nigéria ,Lagos,1978
Femmouzes T.,Brésil,,1990
Fermin Muguruza,Espagne ,,
Fever Ray,Suède,Stockholm,2008
FFF,France,Paris,1987
FFF,France,Paris,1987
Filewile,Suisse,Berne,2003
Filip Dean Junior,France,,2006
Filthy Dukes,Royaume-Uni,Londres,2005
First Lady,France,,2011
Fischerspooner,Etats-Unis ,New-York,
Fishbone,Etats-Unis,Los Angeles,1979
Fitness,Etats-Unis,New-York,2014 / 2008 avec le groupe Mr Dream
Five Deez,Etats-Unis ,Cincinnati,
Fixed Up,France,Le Havre,
Flamingos,France,Nantes,
Flammable Beats,Russie,,
Flat Duo Jets,Etats-Unis,Carrboro,1983
Fleshquartet,Suède,Stockholm,1983
Flore,France,Lyon,
Florian,France,Rennes,
Florian Mona,France ,Rennes,2006
Florian Mona & Son Caravane Sofa Tour,France ,Rennes,2006
Fluke,Royaume-Uni,Beaconsfield,1988
Flying Lotus,Etats-Unis ,Winnetka,2005
FM Belfast,Islande,Reykjavik,2005
Foo Fighters,Etats-Unis,Seattle,1995
Foreign Affair,Israël,Tel Aviv,
Foreign Beggars,Royaume-Uni,Londres,2002
Forest Hillbillies,Royaume-Uni,,
Forever Pavot,France,Paris,2011
Forguette Mi Notte,France,Tours,1987
Fracture,France,Rennes,1977
Fragments,France,Rennes,2012
Frakture,France,Rennes,1977
Frakture,France,Rennes,1977
Framix,France,Nantes,
France - Angleterre,France,Rouen,1980
Franck II Louise,France,,
Françoise Guimbert,France,Réunion,
François Merville Quintet,France,,
Frànçois & The Atlas Mountains,France,Saintes,2005
Françoiz Breut,France,Cherbourg,
Frankie Bones,Etats-Unis,New-York,1985
Frank McWeeny,France,,2011
Freddy Fresh,Etats-Unis ,Saint Paul,
Fred Fatigueros,France,Rouen,
Freestylers (feat. MC Navigator & Tenor Fly),Royaume-Uni,Londres,1996
French Cowboy,France,Nantes,2006
French Fries,France,,2007
French Lovers,France,Aix-en-Provence,
French Lovers,France,Aix-en-Provence,
Friend Within,Royaume-Uni,Liverpool,2012
Frikstailers,Argentine,,2009
Front 242,Belgique,Bruxelles,1980
Fuckin' Hell Orkestar,France,Rennes,2009
Fuel Fandango,Espagne,Cordoue,2008
Fuel feat.Tipper & Freq Nasty,Royaume-Uni,Londres,
Fujiya & Miyagi,Royaume-Uni,Brighton,2000
Fukkk Offf,Allemagne,,2006
Fumaça Preta,Pays-Bas,Amsterdam,2011
Fumiya Tanaka,Japon,Tokyo,Début 1990's
Fun-Da-Mental,Royaume-Uni,,1991
Funeral Party,Etats-Unis,Los Angeles,2007
Funkage,France ,Rennes,
Funk Fu,France,Rennes,
Funky Karma,France,,Début 1990's
Furs,France,Vannes,2006
Fuzeta,France,Vannes,2014
Fyfe,Royaume-Uni,Manchester,2012 / 2009 sous le nom de David's Lyre / 2007 sous le nom de Paul Dixon
Gablé,France,Caen,
Gablé,France,Caen,2004
GaBLé,France,Caen,2004
Gaëtan Roussel,France,,
Gaggle,Royaume-Uni,Londres,
Galactic feat.Chali 2na (Jurassic5), Lyrics Born (Quannum) & Boots Riley (The Coup),,
Galaxie,Canada ,Montréal,2001
Galliano,Royaume-Uni,Londres,1987
Gallon Drunk,Royaume-Uni,Londres,1990
Gamine,France,Bordeaux,1980
Gandi Lake,France,Caen,2013
Gang Do Electro,Brésil,Bélem,2008
Gang Of Four,Royaume-Uni,Leeds,
Gang Starr,Etats-Unis ,Santa Ana,
Garbage,Etats-Unis,Madison,1994
Garbo,France,Rennes,2009
Garciaphone,France,Clermond-Ferrand,2007
Gary Clail On U Sound System,Royaume-Uni,Bristol,
Gary Clail On U Sound System & The Full Nine Yards,Royaume-Uni,Bristol,
Gaye Bykers on Acid,Royaume-Uni,Leicester,1984
Gemini,Etats-Unis,Chicago,
Général Alcazar,France,Sète,
General D,Portugal,Lisbonne,
Georgie Fame and the Blue Flames,Royaume-Uni,Londres,1959
Get A Room !,France,,2009
Getatchew Mekuria & The Ex ,Ethiopie,,1947
Get Your Gun,Danemark,,2008
GG Project,France ,Rennes,
Ghinzu,Belgique,,
Ghostpoet,Royaume-Uni,Londres,2009
Giana Factory,Danemark,,2007
Gildas & Masaya,France,,2001
Gilles Le Guen,France,,2000
Gilles Le Guen,France,,2000
Ginger Ale,France,Paris,
Gipsy Kings,France,Montpellier,1982
Girls Against Boys,Etats-Unis,Washington DC,1988
Girl Talk,Etats-Unis,Pittsburgh,2000
Gloria Dave,France,Paris,2000
Gnawa Diffusion,France ,Grenoble,1992
Godspeed You! Black Emperor ,Canada,Montréal,1994
Gold Chains,Etats-Unis ,San Francisco,
Golden Teacher,Ecosse,Glasgow,2012
Goldfrapp,Royaume-Uni,Bath,
Goldie Lookin' Chain,Royaume-Uni,Newport,
Goldwave,France,Caen,2008
Gomina,France,Caen,2010
Gomm,France,Lille,
Gomm,France,Lille,1998
Gong Gong,France,Nantes,
Gonjasufi,Etats-Unis,,2008
Goober & The Peas,Etats-Unis,Detroit,Début 1990's
Gooseflesh,Turquie,Istambul,
Goran Gora,Lettonie,,2005
Gotan Project,France,,
Gotan Project,France,,1999
Grand Blanc,France,Metz,2011
Grand Magasin,France,Paris,1982
Grand Popo Football Club,France,,
Grant Lee Buffalo,Etats-Unis,Los Angeles,1992
Green Vaughan,France,Lille,2008
Green Velvet,Etats-Unis,Chicago,1993
Greg Brown,Etats-Unis,Fairfield,1967
Greg Dread,Royaume-Uni,Londres,
Groove Armada,Royaume-Uni,Londres,
Groove Control,France,,
Groove Terminator,Australie,,
Group Rhoda,Etats-Unis,San Francisco,2009
Guadalupe Plata,Espagne,,2006
Gunners,France,Rennes,
Guns'n'Bombs,Etats-Unis ,Los Angeles,2006
Guns Of Brixton,France,Caen,2003
Guru's Jazzmatazz (feat. Herbie Hancock, Angie Stone & Bilal),,
Güz II,France,Rennes,2008
Gwenfol feat Yann-Fãnch Kemener,France ,,
Haight-Ashbury,Royaume-Uni,Glasgow,2007
Hako,France,,2007
Hall 21,France,Dinan,2006
Hamlet / Thèmes et Variations,France,,2004
Hang Left Devil,France ,Rennes,
Hangmas,Hongrie,Budapest,2002
Hanni El Khatib,Etats-Unis,Los Angeles,2008
Hanuman Care Kit,France ,Lille,1995
Happy Drivers,France,Angers,1985
Happy End,Royaume-Uni,,1983
Har Mar Superstar,Etats-Unis,New-York,2000 / 1996 sous le pseudonyme Sean Na Na / 1995 avec le groupe Calvin Krime
Havana 3 A.M.,Royaume-Uni,Londres,1986
Hayseed Dixie,Etats-Unis ,Deer Lick Holler,
HB2,France ,Nantes,
Headrillaz,Royaume-Uni,Londres,1994
Head,Royaume-Uni,Bristol,1987
Heera,Inde,Londres,1979
Hello Bye Bye,France,,2008
Hem's,France ,Metz,1993
Herman Düne,France,Paris,
Hermine,France,Paris,1976
Hifana,Japon,,1998
High Tone,France ,Lyon,1997
Hip Drop,France ,Rennes,
Hip-J,France ,Rennes,
HMC,Australie,Adelaïde,
Hocus Pocus,France,,
Hola a Todo El Mundo,Espagne,Madrid,2006
Hollie Cook,Royaume-Uni,Londres,2008
Holloys,Etats-Unis,Los Angeles,2005
Homelife,Royaume-Uni,Manchester,
Hometown Dj Posse,France,,
Hook & The Twin,Royaume-Uni,Londres,2009
Horse Meat Disco,Royaume-Uni,,2003
Hospital Ships,Etats-Unis,Lawrence,2007
Hot Chip,Royaume-Uni,Londres,
Hôtel du Nord,France,Rennes,
Hot Panda,Canada,Vancouver,2006
House Breaker,France,Rennes,
House Of Love,Royaume-Uni,Londres,1986
Howard Hughes & The Western Approaches,Royaume-Uni,Londres,
Howlin' Wilf and the Vee Jays,Royaume-Uni,Colchester,
How We Tried,France,,2011
Hugo Largo,Etats-Unis,New-York,1984
Human F.E.A.X,France ,Rennes,2005
Human Spirit,France,Paris,1986
Huoratron,Finlande,Helsinki,2002
Hushpuppies,France,Perpignan,
Hutchinson,France,Nantes,
Hyper,Royaume-Uni,Oxford,
I.A.M.,France,Marseille,1989
Ibibio Sound Machine,Royaume-Uni,Londres,2013
I Come From Pop,France,,2008
If,France,,1994
Iglu & Hartly,Etats-Unis ,Echo Park,2007
IIIStM,France,,2007
Ikara Colt,Royaume-Uni,Londres,
Ilana (P.O.F.),France,,
Il Etait Une Fois A L'Ouest,France ,Rennes,
Imam Baildi,Grèce,Athènes,2005
I Me Mine,France,Toulouse,2011
I'm Fresh! You're Pretty!,France ,Angers,
I'm From Barcelona,Suède,,2005
Imperial 35,France ,Rennes,
Implosion III,France,Rennes,
Improvisators Dub,France ,Bordeaux,1994
Impulsion feat. Issakidis,France,Paris,
Impulsion,France,,
Im Takt,France,Brest,2009
Inc,France,Nice,
Indian Ropeman,Royaume-Uni,Brighton,
Indigo Moss,Royaume-Uni,Londres,2003
I N Fused,France,Montpellier,
Insane Clown Posse,Etats-Unis,Detroit,1988
Intokable,France,,
Invisible Pair of Hands,Royaume-Uni,Bristol,
Invisibl Skratch Picklz feat. Q Bert, D-Styles,,
In Vivo,France,,
Ipso Facto,Royaume-Uni,Londres,
Isbells,Belgique,,2008
Islam Chipsy,Egypte,Le Caire,2009 avec 2 batteurs / 2006 en solo
ISP,Serbie ,Belgrade,1976
Is Tropical,Royaume-Uni,Londres,2009
Itäväylä,Finlande,,
Iva G. Moskovich,Royaume-Uni,Deptford,2013 / 2012 sous le nom Drop Out Venus
Ivamain,France,,
I Was There,France,Paris,2005
Izabo,Israël,,
Iz,Chine,,
Iz,Chine,Pékin,2002
Izit,Royaume-Uni,Londres,
Jack O'Lanternes,France,Rennes,1993
Jackson And His Computer Band,France,,
Jacuzzi Boys,Etats-Unis,,2007
Jadell,Royaume-Uni,Londres,
Jad Wio,France,Paris,1983
Jaga Jazzist,Norvège,,
Jah Shaka's Sound System,Royaume-Uni,Londres,Milieu 1970's
Jaka Dit Jay & Cyril Man                                                     ,France ,Rennes,
Jambinai,Corée du Sud,Séoul,2009
James Bond,France,Rennes,1980
James Hall,Etats-Unis,Atlanta,1987
James Lavelle,Royaume-Uni,Londres,1989
James,Royaume-Uni,Manchester,1981
James Taylor Quartet,Royaume-Uni,Rochester,1985
James Unk,France,Rennes,2006
Jamie Woon,Royaume-Uni,Londres,2004
Jamika,Royaume-Uni,Londres,1999
Jamiroquai,Royaume-Uni,Londres,1992
Janelle Monae,Etats-Unis,Kansas City,2004
Janice Graham Band,Royaume-Uni,Manchester,2008
Janski Beeeats,France,,2007
Jaojoby,Madagascar,,
Jaylib (feat. Madlib, Peanut Butter Wolf & Medaphoar),,
Jayne Cortez & The Firespitters,Etats-Unis,New-York,
Jay Reatard ,Etats-Unis ,Memphis,2005
J.C. Satan,France,Bordeaux,2008
Jean Louis 2000,France,Tours,
Jean-Louis Murat,France,,Fin 1970's
Jeanne Added,France,Paris,2011 en solo / 2002 avec différentes formations
Jeff Mills,Etats-Unis,Detroit,1989
Jeffrey Lee Pierce,Etats-Unis,Los Angeles,1978
Jérôme Minière,France,Orléans,
Jérôme Soligny,France,Le Havre,
Jessie Evans,Etats-Unis,,
Jesus Christ Fashion Barbe,France,Caen,2009
Jimmy Jay présente Cool Session 2 &  Sleo,France,Paris,
Jimmy Luxury & The Tommy Rome Orchestra,Etats-Unis ,New-York,
Jimmy Oihid,Algérie,Blida,
Jim Rose Circus Sideshow,Etats-Unis,Seattle,1990
J-Live,Etats-Unis ,New-York,
Joakim,France,,
Joe King Carrasco & The Crowns,Etats-Unis,Dumas,Fin 1960's
Joel Drouin & Little Bob,France,Rouen,1981
Johan Asherton,France,Paris,
John & Jehn,France,,2005
Johnny Dowd,Etats-Unis,New-York,1981
Jo Kaiat (feat. Cheik Fatamady Kone & Ousmane Keita),France,,
Jon Carter,Royaume-Uni,Londres,
Jori Hulkkonen,Finlande,,1992
Joris Delacroix,France,Montpellier,2008
José Padilla,Espagne,Ibiza,1975
Jo Sevilor et ses Royal Cônes,France,Guingamp,1982
Jo Sevilor et ses Royal Cônes,France,Guingamp,1982
Josh Martinez,Canada,,
Josh Wink,Etats-Unis,Philadelphie,1992
Joyce Muniz,Brésil,Vienne,1999
Joy Squander,France,Laval,2013
Juana Molina,Argentine,,1988
Juan Atkins,Etats-Unis,Detroit,1981
Juan Rozoff,France,,
Juan Trip,France,Paris,
Julian Jeweil,France,,2006
Julien Lourau Groove Gang,France,,1993
Julien Tiné,France,,2007
Juliette & The Licks,Etats-Unis ,Los Angeles,
Jungle Brothers,Etats-Unis ,New-York,
Jungle By Night,Pays-Bas,Amsterdam,2010
Jungle,France,Rennes,
Jungle Hala,France,,1993
Jungle Posse Feat. DJ Ron vs. MC Five O & DJ Noodles,Royaume-Uni ,Londres,
Jungle,Royaume-Uni,Londres,2013
Jupiter,France,,2008
Juryman V Spacer,Royaume-Uni,,
Justice ,France,Paris,2003
Justice,France,Rennes,
Justin Robertson,Royaume-Uni,Manchester,1991
Juveniles - DJ Set,France,Rennes,2011
Juveniles,France,Rennes,2011
Käfig Brasil,France,Créteil,1996
Kaiser Chiefs,Royaume-Uni,Leeds,2003
Kaizers Orchestra,Norvège,,
Ka Jazz,France ,Rennes,2008
Kakal Band,France,Bordeaux,1985
Kakkmaddafakka,Norvège,Bergen,2004
Kalashnikov,France,Rennes,1979
Kalibre 33,France ,Tours,
Kampec Dolores,Hongrie,Budapest,1984
Kanjar'oc,France,Marseille,1989
Kaolin,France,,
Kariang Vibes Feat. The Shashamani Band / Prezident Brown / Doniki / Kulcha Knox / Terry Ganzie,Jamaïque,,
Kasabian,Royaume-Uni,Leicester,
Kas Product,France,Nancy,
Kate Nash,Royaume-Uni,Londres,2006
Katerine,France,,
Katerine,France,,1991
Kate Tempest,Royaume-Uni,Londres,2003 sur des scènes ouvertes / 2008 avec le groupe Sound of Rum
Kcongo's Gruv,France,Rennes,
Kdd,France,Toulouse,1996
Ken Ishii,Japon,Tokyo,Début 1990's
Kenobi,France,Rennes,
Kent,France,Lyon,1982
Keny Arkana ,France,Marseille,1996
Keziah Jones,,,
Keziah Jones,Royaume-Uni,Londres,1991
Khan & Julee Cruise,Allemagne,Berlin,
Khao,Royaume-Uni,,
Kickback,France,Paris,1991
Kid Frost,Etats-Unis,Los Angeles,1982
Kid Karate,Irlande,,2010
Kid Koala,Canada ,Montréal,
Kill The Young,Royaume-Uni,Manchester,
Kim Novak,France,,2005
Kim Novak,France,Caen,2005
King Cobb Steelie,Canada ,Toronto,1991
Kings Have Long Arms,Royaume-Uni,Sheffield,
Kinky,Mexique,Monterrey,
Kissing Bandits,Royaume-Uni,Glasgow,
Klaxons,Royaume-Uni,Londres,2005
Kni Crik,France,Paris,1984
Kohann,France,,
Kölsch,Danemark,,1995
Konstantin Sibold,Allemagne,,2ème moitié des années 2000
Kosme,France,Lyon,Fin des années 90
Kosmo Pilot,France,,2009
Kosmo Pilot,France,Saint-Malo,2009
Kosmo Pilot,France,Saint-Malo,2009
Kosmo Pilot,France,Saint-Malo,2009
Koukou Maman,France,Rennes,
Kraftwerk,Allemagne,Düsseldorf,
Krafty Kuts & A.Skillz,Royaume-Uni,Brighton,
Krash Slaughta,Royaume-Uni,Londres,
Kruder & Dorfmeister,Autriche,,1993
Kudu,Etats-Unis ,New-York,
Kula Shaker,Royaume-Uni,Londres,1995
Kurtis Mantronik,Etats-Unis,Houston,1984
Kütu Folk - The Band,,,2006
Kwal,France,Angers,
Kwatsu,France,Rennes,
Kwes,Royaume-Uni,Londres,2005
Kyu,France ,Angers,1996
L7,Etats-Unis,Los Angeles,1985
Labelle,,,1999
Labelle,France,Rennes,1999
La Busqueda,Espagne,Majorque,1985
La Caution,France,Noisy le Sec,
La Corda,France,Rennes,2005
Lady B,France,Cannes,1989
Lady Jane,France ,Rennes,1996
Lady Jane,France,Rennes,1996
Lady Late,France,Rennes,2006
La Fine Equipe,France,Marseille,2004
La Fundaciòn,Espagne,Madrid,
La Funk Mob,France,Paris,1991
La Gale,Suisse,,2006
Laibach,Slovénie,Ljubljana,1980
Lama Gyourme & Jean-Philippe Rykiel,Bhoutan,,
La Mano Negra,France,Paris,1987
La Muerte,Belgique,Bruxelles,1984
La Mverte,France,Paris,2013
La Place,France,,
L'Aquarium,France,Paris,
Larry Gus,Grèce,,2006
Lars Horntveth,Norvège,Oslo,
Lars & The Hands Of Light,Danemark ,Copenhague,2009
La Rumeur,France,Elancourt,
La Terre Tremble !!!,France ,Rennes,
La Tordue,France,Paris,1989
Laurent Garnier,France,Paris,1991
Laurent Warin,France,Paris,
La Yegros,Argentine,,2008 /1995 au sein de De La Guarda
LCD Soundsystem,Etats-Unis ,New-York,
Le Bal à Jo,France,Rennes,
L'Echo Raleur,France,Paris,
L'Ecole du Crime,France,Bordeaux,
Le Corps Mince de Françoise,Finlande,,2006
Le Couple Aveugle du Mali,Mali,Bamako,1980
Le Cri de la Mouche,France,Paris,
Leela James,Etats-Unis ,New-York,
Leftfield DJ Set feat. Leftfield's P. Daley with N. Rapaccioli & MC Cheshire Cat,Royaume-Uni,Londres,
Lefto & ID,Belgique,,
Lefto & ID,Belgique,Bruxelles,
Lefto & Illtaktikz,Belgique,,
Le Hammond Inferno,Allemagne,,
Leila,Royaume-Uni,Londres,
Le Mur,France,Strasbourg,
Lena Deluxe,France,Lille,2004
Lenny Kravitz,Etats-Unis,New-York,1989
Leonie Pernet,France,Paris,2013
Leon Jean Marie,Royaume-Uni,Londres,2006
Leon Redbone,Etats-Unis,New-York,Début 1970's
Le Peuple de L'Herbe,France,Lyon,
Le Pneumatiq,République Tchèque,,
Le Pneumatiq,République Tchèque,,2006
Les Associés Crew,France,Bordeaux,2006
Les Avions,France,Paris,1980
Les Bandits,France,Nice,1981
Les Beaux Ténébreux,France,Rennes,
Les Cacahuètes Hurlantes,France,Chinon,
Les Casse Pieds,France,Paris,1987
Les Champêtres de Joie,France,Paris,
Les Civils,France,Paris,
Les Conquérants,France,Rennes,
Les Conquérants,France,Rennes,1983
Les Coquines,France,Paris,
Les David Vincent,France,Troyes,
Les Déesses Africaines,France ,Rennes,1995
Les Enfants Terribles,France,Tours,1985
Les Flics,France,Rouen,
Les Frères Morvan,France ,Botcol,1958
Les Gordon,France,Rennes,2011
Les Goulues,France,Rennes,
Les Loups,France,,
Les Maîtres Du Bèlè,France,Martinique,
Les Malades,France,Lille,1982
Les Maracas,France,Montpellier,
Les Nains de Jardin,France,Rennes,Début 1990's
Les Naufragés,France,Montpellier,1986
Les Négresses Vertes,France,Paris,1987
Les Nouveaux Nés,France ,Rennes,1997
Les Nubians,France,Bordeaux,
Les Nus,France,Rennes,1980
Les Nus,France,Rennes,1980
Les Nus,France,Rennes,1980
Les Ours du Scorff,France,,
Les Parasites,France,Paris,
Les Pires,France,,
Les Plaies,France,Rennes,
Les Princes de l'Islam,France,Rennes,
Les Rabza,France ,Rennes,1995
Les Respectables,France,Rennes,
Les Rois Fainéants,France,Paris,1981
Les Rythmes Digitales,Royaume-Uni,,
Les Satellites,France,Paris,1985
Les Scoubidous,France,,
Les Skippies,France,Rennes,1990
Les Skippies,France,Rennes,
Les Soucoupes Violentes,France,Paris,1982
Les Spadassins,France,Rennes,2010
Les Surgelés,France,,
Les Tétines Noires,France,Réville,1985
Les Tontons Flingueurs,France,Paris,
Les Vedettes,Belgique,,2006
Les Visiteurs du Soir,France,Marseille,
Les V.R.P.,France,Paris,1988
Le Tone,France,Paris,
Le Train Fantôme,France,Rennes,1977
Le Vasco,France,,2012 / 2009 sous le nom de groupe Flapjack
Lewis Floyd Henry,Royaume-Uni,Londres,2007
Le Zooo,France,Rennes,2014
Lianne La Havas,Royaume-Uni,Londres,2010
Licornia,France,Bordeaux,2007
Lighthouse,France,Rennes,
Lila Downs,Mexique,,
Lilea Narrative,France,,2003
Liliput,Suisse,Zurich,1978
Link Wray,Etats-Unis,Washington DC,
Lionrock,Royaume-Uni,Londres,1991
Lipelis,Russie,,
Lispector,France,,1996
Litfiba,Italie,Florence,1980
Litfiba,Italie,Florence,1980
Little Annie,Etats-Unis,New-York,1977
Little Axe,Etats-Unis,Artford,
Little J & Le Pm,France,Rennes,
Little Trouble Kids,Belgique,Gand,2010
Live Human,Etats-Unis ,San Francisco,
Liza 'N' Eliaz ,Belgique,Ostende,
Lizzo,Etats-Unis,Houston,2010
Lobotom Cast,France,Nice,
Lofofora,France,Paris,1989
Lol Coxhill,Royaume-Uni,Portsmouth,1947
Lolito,France,,2009
L'Ombre Jaune,France,Rennes,1981
L'Ombre Jaune,France,Rennes,1982
London Elektricity,Royaume-Uni,Londres,
London Grammar,Royaume-Uni,,2012
Lonely Walk,France,Bordeaux,2010
Lone,Royaume-Uni,,
Long Fin Killie,Royaume-Uni,Ecosse,1993
Longkuan & Supermarket,Chine,Pékin,
Lonnie Holley,Etats-Unis,,1979
Loon,France ,Rennes,
Loop Guru,Royaume-Uni,Londres,1985
Loorie Petitgand,France,Rennes,
Lord Nelson,Trinidad & Tobago,New-York,1950's
Lord Paramour,France,Rennes,2012 / Dj Marrrtin : 2009 / Ajax Tow en solo : 2006
Lordz of Brooklyn,Etats-Unis,New-York,1992
Los Chicharrons & DJ Ramon Santana,République Dominicaine,,
Los Desechables,Espagne,Barcelone,1978
Lou Doillon,France,,2011
Louie Austen,Autriche,,
Louisahhh!!!,,,Milieu des années 2000
Louise Féron,France,Rouen,1988
Love Trio In Dub Feat. U-Roy,,,
LSK,Royaume-Uni,Leeds,
Ludwig von 88,France,Paris,1983
Lug-na,France ,Rennes,2004
Luis,Argentine,,
Luka Bloom,Irlande,Newbridge,
Luke Jenner,Etats-Unis,,2013 / 1998 ave The Rapture
Luke Slater,Royaume-Uni,,1989
Luke Vibert & BJ Cole,Royaume-Uni,,
Lunachicks,Etats-Unis,New-York,1987
Lunatic Calm,Royaume-Uni,,1996
Luz,France,,2003
Luz,France,,2003
Lydie Vendredi,France,Paris,
Lyres,Etats-Unis,Boston,1979
Mac. H,France ,Rennes,
Mac l'Arnaque,France,Rennes,2008
Macy Gray,Etats-Unis ,,
Madame,France,,2010
Madben,France,,2000
Madensuyu,Belgique,Gand,2004
Madeon,France,Nantes,2010
Mad Mike,Etats-Unis,Detroit,1989
Mad Professor,Royaume-Uni,Londres,1979
Magnapop,Etats-Unis,Atlanta,1989
Magnetic Man,Royaume-Uni,,2007
Magnifico,Slovénie,Ljubljana,1993
Mahjongg,Etats-Unis ,Chicago,
Maji Poor,France,Rennes,1993
Major Lazer,Jamaïque,,2009
Malik,France,Paris,1988
Malka Family,France,Paris,1988
Mama Rosin,Suisse,,2006
Manaré,France,Paris,2008
Manatee,France,Caen,2009
Manceau,France,Rennes,2008
Mandrax,Suisse,Lausanne,
Maniacs vs Sharkiat,Suisse ,Genève,1982
Marcel Kanche,France,Rouen,1976
Marc Em,France,,
Marc Minelli,France,Le Havre,1977
Marc Minelli,France,Le Havre,1977
Marc Minelli,France,Le Havre,1977
Marco Barotti,Italie,,2010
Marco Lipz,France,Rennes,
Marc Seberg,France,Rennes,1981
Marc Seberg,France,Rennes,1981
Marcus Marr,Royaume-Uni,,Début des années 2000
Mardi Gras Brass Band,Allemagne,Mannheim,
Margo,France,Angers,
Marie,France,Lyon,1975
Mario Chris,Chypre,,
Mark Curry,Etats-Unis,Los Angeles,1987
Marklion,France,,2008
Marquees,France,Nantes,2012
Marquis de Sade,France,Rennes,1977
Martin Stephenson and The Daintees,Royaume-Uni,Tain,
Martyn Bennett,Royaume-Uni,Edimbourg,
Mary Lake,France,,
Mass Hysteria,France ,Paris,1993
Massilia Sound System,France,Marseille,1984
Massive Attack,Royaume-Uni,Bristol,1988
Masters at Work,Etats-Unis,New-York,1990
Mathematikal,Malte,,2006
Mathieu Boogaerts,France ,Nogent-sur-Marne,
Maths Class,Royaume-Uni,Brighton,2006
Matmon Jazz,France,Rennes,2007
Mattafix,Royaume-Uni,,
Matthew Dear,Etats-Unis,,1999
Matthew Herbert's One Club,Royaume-Uni,Londres,
Mau Mau,Italie,Turin,1990
Maurice Fulton,Etats-Unis,Baltimore,
Max Jury,Etats-Unis,Des Moines,2008
Maya Jane Coles,Royaume-Uni,,2006
Maylee Todd,Canada,Toronto,2005
MC Paul Barman,Etats-Unis ,Ridgewood,
MC Ribs,Royaume-Uni,,1993
MC Solaar,France,Paris,1990
Me and the Heat,Allemagne,Düsseldorf,
Meca Rythm,France,Rennes,
Mein Sohn William,France,Rennes,2007
Meira Asher,Israël,,
Meï Teï Sho,France,Lyon,
Melissa Auf Der Maur,Canada,Montréal,
Melody's Echo Chamber,France,,2011
Melt Youself Down,Royaume-Uni,,2012
Meneo,Espagne,Barcelone,
Menlo Park,Etats-Unis ,Los Angeles,
Me One,Royaume-Uni,Londres,
Me Phi Me,Etats-Unis,Flint,1988
Mercan Dede,Turquie,,
Merci Simka,France,Rennes,
Meridian Brothers,Colombie,,1998
Mermonte,France,Rennes,2011
Me'shell Ndegeocello,Etats-Unis ,Washington DC,
Messer Chups & Lydia Kavina,Russie,,
Metal On Metal,Lituanie,Vilnius,2005
Metal Urbain,France,Paris,
Metà Metà,Brésil,Sao Paulo,2011
Metronomy,Royaume-Uni,Brighton,1999
Mexican Institute Of Sound,Mexique,,2002
M.I.A.,Royaume-Uni,Londres,2003
Micachu & The Shapes,Royaume-Uni,Londres,2006
Michael Kiwanuka,Ouganda,,2009
Michalon DJ Club,France ,Rennes,
Michelle Shocked,Etats-Unis,Dallas,1984
Mich Gerber,Suisse ,Berne,
Mickey 3D,France,Montbrison,
Mickey Avalon,Etats-Unis ,Los Angeles,2004
Micronologie,France ,Rennes,2005
Midfield General,Royaume-Uni,Brighton,
Mieskuoro Huutajat,Finlande ,Oulu,1987
Mike Ladd,Etats-Unis,New-York,
Mikhael Paskalev,Norvège,,2011
Millionaire,Belgique,,
Minimal Compact,Belgique,,
Minimal Compact,Belgique,Bruxelles,1981
Miniman,France,Nantes,
Minitel Rose,France,Nantes,2006
Mint Juleps,Royaume-Uni,Londres,
Mint Juleps,Royaume-Uni,Londres,
Mirou Trio,France,Rennes,
Miss Blue,France,,2001
Missill,France,Paris,
Missill,France,Paris,
Miss'ill,France,Paris,
Missill,France,Paris,
Missill,France,Paris,1999
Missill,France,Paris,1999
Missill Live Gang,France,Paris,1999
Miss Kittin,France ,Grenoble,1992
Miss Platnum,Roumanie,,2004
Mister Gang,France,Villabé,Début 1990's
Mister Mongol,France,Paris,
Misty Socks,France,Angers,
Mitsu,France,Nevers,
Mix City,France,Nantes,
MixHell,Brésil,,2004
MJ's,France ,Rennes,
Modeselektor,Allemagne,Berlin,1996
Modey Lemon,Etats-Unis ,Pittsburgh,
Modjo,France,,
Modul Club,France,,2009
Modul Club,France,Rennes,
Mojo Nixon & Skid Roper,Etats-Unis,San Diego,1985
Moller Plesset,France ,Rennes,
Moloko,Royaume-Uni,Sheffield,1993
Molotov Jukebox,Royaume-Uni,Londres,2011
Momma Stud,Etats-Unis,Hollywood,Fin 1980's
Mona Soyoc,France,Nancy,1980
Mondial Coconut,France ,Rennes,
Money For Rope,Australie,Melbourne,2009
Monk & Canatella,Royaume-Uni,Bristol,1994
Monkey & Bear,France,Rennes,2010
Monkey Mafia,Royaume-Uni,Londres,1994
Monogram,France ,Rennes,
Monosylabikk,Pologne,,2005
Montage,France,Rennes,1983
Montevideo,Belgique,Bruxelles,2003
Montgomery,France ,Rennes,
Montgomery,France ,Rennes,2002
Montreal Sax Machine,Etats-Unis,New-York,2014
Moodoïd,France,,2010
Moondog,Etats-Unis,New-York,
Morgan,Royaume-Uni,,
Morpheus,Israël,Tel Aviv,1981
Morphine,Etats-Unis,New-York,1989
Moses Sumney,Etats-Unis,Los Angeles,2010
Mo Solid Gold,Royaume-Uni,,
Moss,Pays-Bas,,2006
Motorbass,France,Paris,
Motor City Drum Ensemble,Allemagne,,2001
Mouloud,France,,
Mountaineers,Royaume-Uni,,Fin 1990's
Mouse On Mars,Allemagne,Düsseldorf,1993
Mozes & The Firstborn,Pays-Bas,,2010
Mr Eleganz ,France ,Rennes,
Mr Eleganz,France,Rennes,
Mr. Hyde DJ,France ,Rennes,
Mr. & Mrs Cameron,Pays-Bas,,
Mr. & Mrs Cameron,Pays-Bas,,
Mr Oizo,France,Paris,1997
Mr. Scruff,Royaume-Uni,Manchester,
MsMr,Etats-Unis,New-York,2011
Mstrkrft,Canada,Toronto,
M'Toro Chamou,France ,,
Mu,Japon,,
Mujuice,Russie,,2004
Mukta,France,,
Mum's the Word,France,Rennes,
Mundy,Irlande ,Dublin,
Mungal,Trinidad & Tobago,Trinité,
Mush,France,Bordeaux,1990
MV Bill,Brésil,Rio de Janeiro,
Myckeyn'stein,France,Nantes,
My Federation,Royaume-Uni,Brighton,2005
My Lullaby,France ,Rennes,
My Name Is Nobody,France,,2004
Mystery Slang,Royaume-Uni,Bristol,
Mystica Teacha,France ,Rennes,1996
My Summer Bee,France,Caen,2012 / 2010 en duo
Naab,France,Brest,
Nada Surf,Etats-Unis,New-York,1992
Nag Nag Nag,France ,Rennes,2008
Naive New Beaters,France,Paris,2004
Naïve New Beaters,France,Paris,2004
Naked (on Drugs),Royaume-Uni,Manchester,2012
Naomi Shelton & The Gospel Queens,Etats-Unis ,New-York,Début 1960's
Nashville Pussy,Etats-Unis,Atlanta,1995
Negative Supply,Etats-Unis,New-York,2013
Neil Landstrumm,Royaume-Uni,Edimbourg,1994
Nekochan,France,Lyon,2006
Nervous Cabaret,Etats-Unis ,New-York,
Netsky,Belgique,,2008
New Jackson,Irlande,Dublin,2010 / 2000 sous le nom David Kitt
Nguzunguzu,Etats-Unis,Los Angeles,2007
Nick Waterhouse,Etats-Unis,,2010
Nicola Conte,Italie,,
Nicolas Cruel,France,Brest,1977
Nicole Willis & The Soul Investigators,Finlande,,1984
Nikki Sudden and the Jacobites,Royaume-Uni,Londres,
Nimh,France ,Rennes,
Ninos Du Brasil,Italie,Vittorio Veneto,2010 / 1995 dans le quatuor punk With Love
Nin Petit,Royaume-Uni,,2006
Nirvana,Etats-Unis,Aberdeen,1987
Nitin Sawhney,Royaume-Uni,Londres,
Niveau Zero,France,Paris,2006
N'Java,Madagascar,,
Noir Désir,France,Bordeaux,1985
Nola's Noise,France ,Rennes,2007
No One Is Innocent,France,Paris,Début 1990's
Norman Spinrad & Richard Pinhas,Etats-Unis,New-York,
Nortec Collective,Mexique,Tijuana,1999
Nosfell,France,Paris,
Nouvel R,France,Angers,2004
Nova Heart,Chine,,2010
Nova nova,France,Rennes,1992
Novela,France ,Rennes,
Novo Navis,France,,
N'To,France,Marseille,2009
Numerica Rockestra,France,,2005
Numeric Ravers,France,,2011
Nunna Daul Isunsyi,France,,2007
Nurse,France,Rouen,1979
Nyah Fearties,Royaume-Uni,Lugton,1982
Ôbrée Alie,France,,
O'Children,Royaume-Uni,Londres,2008
Oenix,France,Rouen,
Offspring,Etats-Unis,Garden Grove,1984
Off The Wall,France,Rennes,
Oil B,France ,Rennes,
Okay Monday,France,Lille,2012 / 2007 sous le nom de Marvin Hood
Oktopus,France,Rennes,
Olaf Hund,France,Paris,
Old School Nemo,France,,1991
Old Skool Nemo,France ,,Début 1990's
Old Skool Nemo,France,Paris,
Olivier B,France ,,
Olivier Mellano,France ,Rennes,
Ollano,France,,1994
Olli & The Bollywood Orchestra feat. DJ Swami, Amar,,
Ondatropica,Colombie,,2011
One the Juggler,Royaume-Uni,Londres,1980
Oneyed Jack,France,Paris,1992
Onipa Nua,Ghana,Accra,
Oniris,France,Rennes,
Oof,France ,Paris,1992
Opposition,Royaume-Uni,Londres,1979
Optimo,Ecosse,Glasgow,1997
Optimo,Royaume-Uni,Glasgow,
Orange Blossom,France ,Nantes,1993
Orbital,Royaume-Uni,Sevenoaks,1989
Orchestra Of Spheres,Nouvelle-Zélande,Wellington,2009
Orchestre Rouge,France,Paris,1980
Original Rockers,Royaume-Uni,Birmingham,1991
Orka feat Yann Tiersen ,Iles Féroé,,2005
Orville Brody & Goodfellas,France ,Rennes,
O Safari,France,Rennes,2011
Osmose,France,Angers,
Osni,France ,Lille,2001
Oso Leone,Espagne,Palma de Majorque,2010
Otis Grand & The Dance Kings,Etats-Unis,Oakland,1963
Otis Taylor,Etats-Unis ,Denver,
Otto,Brésil,Pernambuco,
Oum Shatt,Allemagne,,2012
Ou@rz@z@te System,France ,Rennes,
Outasight,Etats-Unis,New-York,2007
Overhead,France,Paris,
Oy,Ghana,,Début 2000's
P18,France,Paris,1995
P. 38,France,Rennes,
Pablo Nouvelle,Suisse,Bern,2011
Padded Cell,Royaume-Uni ,Londres,2003
Pändip,France,,
Papier Tigre,France,Nantes,2006
Paranda,Bélize,,
Paris Suit Yourself,Etats-Unis,,2007
Pascal Comelade,France,Montpellier,
Pascals,Japon,,
Passion Fodder,France,Paris,1984
Pat'Jaune,France (Réunion),,
Pat Panik & DJ Netik,France ,Rennes,
Pat Panik,France ,Rennes,
Pat Panik,France ,Rennes,
Pat Panik,France ,Rennes,
Pat Panik,France ,Rennes,
Pat Panik,France ,Rennes,
Pat Panik & La Rayure,France ,Rennes,
Pat Panik & La Rayure,France ,Rennes,
Pat Panik meets Netik,France ,Rennes,
Pat Panik Meets Netik,France ,Rennes,
Pat Panik meets Netik,France ,Rennes,
Patrice Moore,France,Paris,
Pauline Croze,France,,
Paul Johnson,Etats-Unis,Chicago,1985
Paul Mac Cartn'Paul,France ,Rennes,
Paul Thomas Saunders,Royaume-Uni,,2009
Pavement,Etats-Unis,Stockton,1989
Pegase,France,Nantes,2008
Pelle Miljoona,Finlande,Helsinki,1979
Penfleps,France,Quimper,1990
People Under The Stairs,Etats-Unis ,San Francisco,
Percubaba,France,,
Pere Ubu,Etats-Unis,Cleveland,1975
Peshay,Royaume-Uni,Londres,1991
Pest,Royaume-Uni,Londres,Fin 1990's
Pete Herbert,Royaume-Uni,,
Peter Digital Orchestra,France,,2006
Peter Kruder,Autriche,Vienne,
Peter Von Poehl,Suède,,
Peter Winslow,France ,Paris,
Petite Noir,Afrique du Sud,Le Cap,2012
Petit Fantôme,France,,2005
Petit Vodo,France ,Bordeaux,1997
Pharaohs,Royaume-Uni,Harlow,1983
Philippe Brunel Groupe,France,Rennes,
Philippe Pascale,France,Rennes,1991
Philippe Pascal,France ,Rennes,1991
Philippe Pascal & the Blue Train Choir,France ,Rennes,
Phillip Boa & The Voodoo Club ,Allemagne,Dortmund,1984
Phoebe Jean & The Airforce,Etats-Unis,Baltimore,2007
Photek,Royaume-Uni,Ipswich,
Pianosaurus,Etats-Unis,New-York,1982
Picasso y los Simios,France,Nantes,1986
Pierpoljak,France,,1988
Pierre Kwenders,Canada,Montréal,2011
Pigalle,France,Paris,1982
Pills,France,Paris,1991
Pin-Ups,France,Rouen,
Plan B,Royaume-Uni,Londres,
Plantlife,Etats-Unis ,Los Angeles,
Plastilina Mosh,Mexique,Monterrey,
Platinum Pied Pipers,Etats-Unis ,Detroit,
Play Boys,France,Nice,1980
Playdoh,France,,
Plump Djs,Royaume-Uni,Londres,
Pnau,Australie,Sidney,1998
Pockemon Crew,France,,
Pompeya,Russie,,
Pony Pony Run Run,France,,2005
Poor Boy,France ,Morlaix,
Popa Zens,France,Rennes,2010
Pop Levi,Royaume-Uni,Londres,
Popof,France ,Paris,1996
Porcelain,France ,,1999
Portishead,Royaume-Uni,Bristol,1991
Positive Black Soul,Sénégal,Dakar,1989
Potato Five,Royaume-Uni,Londres,1983
Poupie Colors,France,Rennes,
Powersolo,Danemark,,
P.P.E (Puding Pani Elvisovej),Slovaquie,,1995
President Bongo,Islande,Reykjavik,1999 / 1995 avec GusGus
Président Chirac,France,,
Pressure Drop,Royaume-Uni,Manchester,1990
Pressure Sound DJ's,Jamaïque,,
Primal Scream,Royaume-Uni,Glasgow,
Princess Erika,France,Paris,1982
Princess Superstar,Etats-Unis,New-York,1994
Prins Nitram,Danemark,,2006
Printemps Noir,France,Brest,1981
Prismo Perfect,France,Brest,2009
Private Jokes,France,Nantes,
Professor Murder,Etats-Unis ,New-York,2004
Prof Pinpin et ses Funk-Noz,France,Rennes,1978
Programme,France,Toulouse,
Prohibition,France,Paris,
Project 23,Royaume-Uni,,
Projectile,France,Rennes,
Promoe,Suède,,
Prophets of Da City,Afrique du Sud,Le Cap,1988
Psyco On Da Bus,France,Nigéria,
Psykick Lyrikah,France ,Rennes,
Ptôse,France,Niort,1979
Public Enemy,Etats-Unis ,New-York,
Public Service Broadcasting,Royaume-Uni,,2009
Pure Reason Revolution,Royaume-Uni,Londres,
Purity,Royaume-Uni,Londres,1997
Push Up !,France,,
Push Up,France,,
Puts Marie,Suisse,Bienne,1999
Quannum,Etats-Unis ,Oakland,
Queen Adreena,Royaume-Uni,Londres,
Rachid Taha,Algérie ,,1989
Rachid Taha Zoom Project,Algérie,,
Radio 4,Etats-Unis ,New-York,
Radio Romance,France,Lille,1978
Radio Tarifa,Espagne,Madrid,1990
Rae & Christian,Royaume-Uni,Manchester,1995
Rafale,France,,2006
Rafale,France,Saint-Brieuc,2006
Rainer,Etats-Unis,Tucson,Début 1970's
Ralf,Italie ,Milan,
Ralph Myerz & The Jack Herren Band,Norvège,Bergen,
Ramiro Musotto,Argentine,,2001
Rangers Crew,France,Paris,
Rao Trio,Espagne,,
Raph Dumas & The Primaveras & Cobla la Mil.lenaria,Espagne,Catalogne,
Rasmus,Royaume-Uni,Londres,
Raury,Etats-Unis,Atlanta,2014
Ray Gelato's Giants of Jive,Royaume-Uni,Londres,1979
Ray Lema,Congo,Kinshasa,1974
Razorlight,Royaume-Uni,Londres,2002
Rebirth Brass Band,Etats-Unis,La Nouvelle Orléans,1982
Red,France,Lille,
Redrama,Finlande,Helsinki,
Redskins,Royaume-Uni,York,1982
Red Snapper,Royaume-Uni,Londres,1993
Red Sunrise,France,,2005
Reggiori,France,,2007
Regg'Lyss,France,Montpellier,1989
Renaissance Man,Finlande,Helsinki,2008
Renaud Papillon Paravel,France,Toulouse,
Renegade Soundwave,Royaume-Uni,Londres,1986
Rent Party,Royaume-Uni,Londres,1981
Republic Of Loose,Irlande,Dublin,
Republik,France,,2008
Resistance,France,Dijon,
Restless,Royaume-Uni,Ipswich,1981
Rezerv,France,République Dominicaine,
Rhudabega,Etats-Unis,La Nouvelle Orléans,
Rhume,France,Dax,2005
Rhum For Pauline,France,Nantes,2009
Rhythm Masters,Royaume-Uni,,
Richard Barone,Etats-Unis,Tampa,1980
Richard Cameron & Karin Ras,Pays-Bas,,2000
Richard Hell,Etats-Unis,New-York,1973
Rich Aucoin & Encore !,Canada,Halifax,2014 / 2006 pour Rich Aucoin / 2010 pour Encore!
Richie Hawtin AKA Plastikman,Canada,Windsor,
Rico,France,,
Rinôçérôse,France ,Montpellier,1994
Ripley,France ,Rennes,
Rita Mitsouko,France,Paris,1980
Ritmolider,Russie,,
Rivoli,France,Rennes,2011
Rizwan & Muazam Qawwali,Pakistan,,
Rôade,France,Rennes,
Roadrunners,France,Le Havre,
Robert Farrel,France,,
Robert Le Magnifique,France ,Rennes,
Robin Foster,Royaume-Uni,,2006
Rob Sonic,Etats-Unis ,New-York,
Robyn Hitchcock and the Egyptians,Royaume-Uni,Londres,1976
Robyn Hitchcock,Royaume-Uni,Londres,
Rock à Porter,France,,
Rockers Hifi,Royaume-Uni,Birmingham,1991
Rocket From The Crypt,Etats-Unis,San Diego,1990
Rodolphe Burger & Erik Marchand,France,Strasbourg,
Rodrigo Y Gabriela,Mexique,,2000
Rodriguez,Etats-Unis,Detroit,1967
Roger Sanchez,Etats-Unis,New-York,1991
Roken Is Dodelijk,France ,Lille,2006
Roky Erikson,Etats-Unis,,1964
Roland Casper,Allemagne ,Cologne,1988
Rom,France ,Nantes,
Rone,France,Paris,2007
Roni Size Reprazent,Royaume-Uni,Bristol,1988
Rory Mc Leod,Royaume-Uni,Londres,
Rosita Warlock & Mr Djub,France,,2008
Rotor Jambreks,France,,2006
Rouge Mécanique,France,,2009
Round Table Knights DJs,Suisse ,Berne,
Royal Crescent Mob,Etats-Unis,Colombus,1985
Royal Deluxe,France,Aix-en-Provence,1978
Royal Deluxe,France,Aix-en-Provence,1978
Röyksopp,Norvège,,
Ruben Guevara,Etats-Unis,Los Angeles,
Rubin Steiner & Placido,France,Tours,
Rubin Steiner & The Magical Black Shoes Orchestra,France,Tours,
Rub'n'tug,Etats-Unis ,New-York,
Ruby,Royaume-Uni,Londres,1994
Rufus Harley,Etats-Unis ,Philadelphie,
Russell Gunn & Ethnomusicology,Etats-Unis ,Atlanta,
??????? ???????,Russie,,
Saadet Türköz,Turquie,,
Sabina,Italie,,1998
Saïan Supa Crew,France,,
Saidah Baba Talibah,Canada,Toronto,2007
Saï Saï,France,Paris,1985
Salaryman,Etats-Unis,Champaign,1987
Sale Défaite,France,Lyon,
Salem,Etats-Unis,Chicago,2006
Salem Tradition,France (Réunion),,
Sallie Ford & The Sound Outside,Etats-Unis,Portland,2008
Salmonella Dub,Nouvelle-Zélande,,
Salt Cathedral,Colombie,,"2013 / 2010 sous le nom ""Il Abanico"""
Salvatore,Norvège,,1998
Sam Amazon,France,Rennes,
Samba De Le Muerte,France,Caen,2011
Sammy Decoster,France,,2006
Sandals,Royaume-Uni,Londres,1987
Sankofa,France,Rennes,
Santa Cruz,France ,Rennes,
Santa Cruz,France ,Rennes,
Santogold,Etats-Unis,New-York,2006
Sa-ra Creative Partners,Etats-Unis ,New-York,
Sarah W_Papsun,France,,2006
Saul Williams,Etats-Unis ,New-York,
Sawt El Atlas,France,Blois,1991
Sax machine Feat. Racecar,France,Rennes,2009
Sax Pustuls,France,Rennes,1978
SBTRKT,Royaume-Uni,Londres,2008
Scan X,France,Paris,1993
Scatterbrain,Etats-Unis,New-York,1989
Scieur Z,France,Paris,
Screaming Target,Royaume-Uni,Londres,
Sebastian,France,,2004
Sébastien Tellier,France,Paris,
Sekuoia,Danemark,Copenhague,2010
Semblant Décors,France,Rennes,1979
Senior Picante,Mexique,Mexico,2002
Señor Coconut,Allemagne,,
Senses,Inde,,
Sens Unik,Suisse,Lausanne,1987
Serena Maneesh,Norvège,Oslo,1999
Sergent Garcia,France,,1997
Sergueï Papail,France,Rennes,1977
S.E. Rogie,Sierra Leone,Freetown,1950's
Seven Dub,France ,Paris,
Sex Tattoo,France,Rennes,
Sex Toy,France ,Paris,
Shabazz Palaces,Etats-Unis,Seattle,2009
Shaï No Shaï,France,Paris,1995
Shä-Key,Etats-Unis,New-York,
Shalark,France,,
Shamir,Etats-Unis,Las Vegas,2013
Shane Cough,France ,Rennes,
Shantel,Allemagne,Frankfort,
Sharko,Belgique,,
Shazzula,Belgique,Bruxelles,1998
Sheer.K,France,Brest,
Sheik Omar Sanogo Group,France,,
Shellac,Etats-Unis,Chicago,1992
Sherpas,France,,
Shift,Etats-Unis,New-York,1994
Shiko Shiko,France,Lille,2008
Shogun Kunitoki,Finlande,,1998
Shop Assistants,Royaume-Uni,Edimbourg,1984
Shoulders,Etats-Unis,Austin,1987
Shout,France,Saumur,
Shout Out Louds,Suède,Stockholm,
Shredded Ermine's,France,Nevers,1985
Shukar Collective,Roumanie,,
Shy Child,Etats-Unis ,New-York,2000
Sidestepper,Colombie,,1995
Sid Presley Experience,Royaume-Uni,Londres,1984
Sierra Leone Refugees All Stars,Sierra Leone,Libreville,1999
Sigue Sigue Sputnik,Royaume-Uni,Londres,1984
Silent Majority,Suisse,Lausanne,1992
Silverfish,Royaume-Uni,Londres,1988
Silverio,Mexique,,2001
Simian Mobile Disco,Royaume-Uni,Londres,2005
Simian,Royaume-Uni,Londres,
Simple Posse,France,Rennes,1993
Sinclair,France,Paris,
Sinden,Royaume-Uni,Londres,2004
Sinjin Hawke,Canada,Montréal,
Sinkane,Soudan,,2007
Sir Nenis,Finlande,,
Sister Phunk Brothers,France,Paris,2004
Sister,Royaume-Uni,Londres,2005
Sitronapoo,France,Saint-Brieuc,
Sixtine,France,,
Skalpel,Pologne,Wroclaw,
Skim & Tone,France ,Rennes,
Skip&Die,Afrique du Sud,,2007
Sléo,France,Paris,
Slim,Royaume-Uni,Londres,
Slovo,Royaume-Uni,Londres,
Slow Joe and the Ginger Accident,Inde,,2007
Sloy,France,Béziers,1991
Smooth,France,Nantes,
Smooty Filth,France,Rennes,
Smoove & Turrell,Royaume-Uni,Newcastle,2007 / 1990 pour Smoove
Snakefinger,Royaume-Uni,Londres,1972
Sneaker Pimps,Royaume-Uni,Reading,1995
Soft Lit,Etats-Unis,New-York,2014
"Soil & ""Pimp"" Sessions",Japon,,
Solange la Frange,Suisse,,2006
Solange La Frange,Suisse,,2006
Solillaquists of Sounds,Etats-Unis ,Orlando,2002
Sona Fariq,Royaume-Uni,Londres,
Sondre Lerche,Norvège,,
Songhoy Blues,Mali,Tombouctou,2012
Sonic Machine,France,Paris,
Sonic Machine,France,Paris,1979
Sonic Youth,Etats-Unis,New-York,1981
Son of Bazerk,Etats-Unis,Freeport,
Son Of Dave,Royaume-Uni,Londres,1989
Sons of the Desert,Royaume-Uni,Londres,1988
Soso,Canada,Saskatoon,1999
Soulchoc,France ,Angers,
Soul City (+ Pat Panik et DJ Netik),France,,1996
Soul Coughing,Etats-Unis,New-York,1992
Souleance,France,Paris,2007
Soul Jazz DJ's,Royaume-Uni,,
Soul Of Man,Royaume-Uni,,
South Central DJ Set,Royaume-Uni,Brighton,2006
South Central,Royaume-Uni,Brighton,2006
Space Raiders,Royaume-Uni,Middlesbrough,
Spain,Etats-Unis,Los Angeles,1993
Spank Rock,Etats-Unis,Baltimore,2004
Spearhead,Etats-Unis,Oakland,1988
Spicy Box,France ,Tours,1993
Spitzer,France,Lyon,2006
Splash Wave,France,Rennes,2008
Splassh !,France,Rennes,
Splassh !,France,Rennes,
Spoek Mathambo,Afrique du Sud,Johannesbourg,2003
Spontus,France,Lannion,
Spooky,Royaume-Uni,Londres,1990
Sprung Aus Den Wolken,Allemagne,Berlin,1981
Square One,Barbades,,1986
Stacey Pullen,Etats-Unis,Detroit,1990
Stanton Warriors,Royaume-Uni,Bristol,
St Augustine,France,Clermond-Ferrand,2005
Stephan Eicher,Suisse,,
Stephan Eicher,Suisse,Münchenbuchsee,1979
Stephan Eicher,Suisse,Münchenbuchsee,1979
Stepping Stones,France,Paris,
Stereo MC's,Royaume-Uni,Londres,1985
Steve Jordan,Royaume-Uni,Liverpool,1978
St Germain,France,,1993
St Germain,France,,1993
St. Lô,France,,2012
Stormcore,France,Rennes,
Strasbourg,France,,2012
Straw Dogs,France,Bordeaux,1989
Stress,Royaume-Uni,Londres,
Stromae,Belgique,,2000
Stromae,Belgique,Bruxelles,2000
Strup X,France ,Rennes,
Strup X,France ,Rennes,
Sttellla,Belgique,Bruxelles,1975
Stuck in The Sound,France,Paris,2002
Stupeflip,France,Paris,
Stuurbaard Bakkebaard,Pays-Bas,Eindhoven,1996
Subject 13,Royaume-Uni,Londres,
Subsonic Legacy,Royaume-Uni,Londres,
Subversive Boy,France,,2004
Success,France,,2006
Success,France,Rennes,
Success,France,Rennes,
Sucette Buvard,France,Rennes,
Suckafish P. Jones,Australie,Brisbane,2005
Sudden Death of Stars,France,Rennes,2008
Suede,Royaume-Uni,Londres,1989
Sugar,Etats-Unis,Washington DC,1992
Sugarman 3,Etats-Unis ,New-York,
Sugar Ray,Etats-Unis,Newport Beach,1992
Suicide,Etats-Unis,New-York,1971
Suns of Arqa,Inde ,,1979
Suns of Arqa,Royaume-Uni,Londres,1979
Super Collider,Royaume-Uni,,
Superets,France,Rennes,2011
Superets Sound System,France,Rennes,2011
Superpoze,France,Caen,2010
Superthriller,Royaume-Uni,,
Surfing Leons,Belgique,,2005
Surkin,France ,Paris,2005
Suv Follow The Sun Live Project,Royaume-Uni,Bristol,
Suzujia,France,Dinan,
Sven Löve,France ,Paris,1993
Svinkels,France,,1997
Swami,Royaume-Uni,Birmingham,
Sweet Back,France,Angers,
Switch,Royaume-Uni,,1999
Symbiz,Corée du Sud,,2009
Systema Solar,Colombie,,2006
T5A,France,Rennes,
Tabou,France,Paris,
Tab Two,Allemagne,Dortmund,
Tahiti 80,France ,Rouen,1993
Tales,France,Lyon,1980
Tali,Nouvelle-Zélande,,
Tal Stef,France,Strasbourg,Fin 1980's
Tanger,France,Paris,1994
Tango Lüger,France,Beaune,
Tao Paï Paï,France,Rennes,
Tarik & Djamel,France ,Rennes,
TaÿFa,France,,1993
TC Matic,Belgique,Ostende,1980
Team Ghost,France,,2007
Techno Animal,Royaume-Uni,,
Teddybears STHML,Suède,Stockholm,
Ted Milton,Royaume-Uni, Londres,
Ted's Red,France,Paris,
Teenage Bad Girl,France,,2005
Tekameli,France,Perpignan,
Temple Roy,Royaume-Uni,Birmingham,1993
Ten Walls,Lituanie,Kaunas,2013 / 2007 sous le pseudo Mario Basanov
Tepr,France ,Morlaix,
Terminal Buzz Bomb,France,Rennes,1994
Terminalhead,Royaume-Uni,Londres,1996
Terranova,Allemagne,,
Terry Lynn,Jamaïque,Kingston,2005
Terry Mullan,Etats-Unis,Chicago,1983
Test Department,Royaume-Uni,Londres,1981
Teyss,France,,
That Petrol Emotion,Royaume-Uni,Londres,1984
The 1969 Club,France,,2009
The Agitator,Royaume-Uni,Londres,2009
The All Seeing I,Royaume-Uni,Sheffield,
The Aloof,Royaume-Uni,Londres,1990
The Arsonists,Etats-Unis ,New-York,
The Avener,France,Paris,2013 / 2004 sous un autre pseudo
The Band of Holy Joy,Royaume-Uni,Londres,1984
The Bays,Royaume-Uni,,
The Beat Junkies (feat. J-Rocc & Babu),Etats-Unis ,Orange County,
The Beatnigs,Etats-Unis,San Francisco,1987
The Bellrays,Etats-Unis ,Riverside,
The Bewitched Hands of the Top of our Heads,France,Reims,2008
The Binary Folks,France,,
The Bird Is Yellow,France,Rennes,2007
The Bishops,Royaume-Uni,Londres,2002
The Black Angels,Etats-Unis ,Austin,2004
The Bloody Beetroots,Italie,,2006
The Bonaparte's,France,Paris,
The Bongolian,Royaume-Uni,Londres,
The Boogie Brothers Blues Band,Royaume-Uni,,
The Books,Etats-Unis ,New-York,2000
The Brian Jonestown Massacre,Etats-Unis ,San Francisco,
The Carps,Canada,Toronto,2005
The Chemical Brothers,Royaume-Uni,Manchester,1989
The Count and Sinden Soundsystem,Royaume-Uni,Londres,2008
The Craftmen Club,France,Guingamp,
The Cropdusters,Royaume-Uni,Lymington,
The Crystal Ark,Etats-Unis,,2010
The DeathSet,Etats-Unis,,2005
The Delano Orchestra,France,Clermond-Ferrand,2005
The Delta 72,Etats-Unis,Washington DC,1994
The Deltones,Royaume-Uni,Londres,1984
The Dick Nixons,Etats-Unis,La Nouvelle Orléans,
The Dirtbombs,Etats-Unis ,Detroit,
The Disposible Heroes of Hiphoprisy,Etats-Unis,San Francisco,1990
The Dø,Finlande,,2004
The Driven,Irlande,,
The Driver,France,,2001
The Egg,Royaume-Uni,Oxford,Début 1990's
Thee Gloomies,France,Rennes,
The Enchanted Wood,France,Rennes,2008
The Faint,Etats-Unis ,Omaha,
The Fall,Royaume-Uni,Manchester,1976
The Feelies,Etats-Unis,Haledon,1976
The Field,Suède,Stockholm,2003
The Film,France,Reims,
The Flying Steps,Allemagne,Berlin,
The French Cowboy & The German Dudes,France,Nantes,
The Fugees,Etats-Unis ,New-York,
The Gaslamp Killer,Etats-Unis,San Francisco,2004
The Glass DJ's,Etats-Unis ,New-York,
The Glass,Etats-Unis ,New-York,2003
The Glimmer Twins,Belgique,,
The Glitch Mob,Etats-Unis ,,2006
The Grief,France,Saint-Malo,
The Guests Only,France,Saint-Malo,2008
The Hacker,France,Grenoble,1993
The Hangovers,Royaume-Uni,,
The Heavy,Royaume-Uni,Noid,2006
The Hidden Cameras,Canada,Toronto,
The Honeymoon Killers (Les Tueurs de la Lune de Miel),Belgique,Bruxelles,1977
The Horrors,Royaume-Uni,Londres,2005
The Infadels,Royaume-Uni,Londres,
The Inspector Cluzo & Mates,France,,2007
The Inspirational Choir,Etats-Unis,Washington DC,
The (international) Noise Conspiracy,Suède,,
The Japanese Popstars,Irlande ,Derry,2006
The Jazz Butcher,Royaume-Uni,Northamptonshire,
The Jesus Lizard,Etats-Unis,Chicago,1987
The Juan McLean,Etats-Unis ,New-York,
The Lanskies,France,Saint-Lô,2006
The LA's,Royaume-Uni,Liverpool,1983
The Last Poets,Etats-Unis,New-York,1968
The Legendary Tiger Man,Portugal,Lisbonne,
The Little Rabbits,France,La Gaubretière,1988
The Living,Royaume-Uni,Londres,
The Long Blondes,Royaume-Uni,Sheffield,2004
The Make-Up,Etats-Unis,Washington DC,1995
The Married Monk,France,Rennes,1993
The Men They Couldn't Hang,Royaume-Uni,Londres,1984
The Midnight Beast,Royaume-Uni,,2009
The Mighty Bop,France,,
The Mighty Lemon Drops,Royaume-Uni,Wolverhampton,1985
The Mike Flowers Pops,Royaume-Uni,Londres,1993
The Miracles Club,Etats-Unis,Portland,2009
The Mission,Royaume-Uni,Leeds,1986
The Mitchell Brothers,Royaume-Uni,Londres,
The Muscle Shoal,Royaume-Uni,Londres,
The Narcicyst ,Irak ,Montréal,2000
The Nextmen,Royaume-Uni,Londres,
The Octopus,France,Douarnenez,2009
Théo Gravil,France ,Rennes,
Théo Gravil,France,Rennes,
Théo Gravil,France,Rennes,2008
Théo Hakola,,,1980
Théo Hakola,Etats-Unis,Spokane,1980
The Orb,Royaume-Uni,Londres,1989
The Orchestra,Royaume-Uni,,
The Outlines,France,Marly-le-roi,1981
The Pack A.D.,Canada,Vancouver,2006
The Pale,Irlande,Dublin,1990
The Penelopes & Morpheus,France,,2002
The Phantom Band,Royaume-Uni,Glasgow,2002
The Phenomenal Handclap Band,Etats-Unis,New-York,2005
The Poet Generation,France ,Rennes,
The Politics,Danemark,Hovedstaden, 
The Popopopop's DJ Set,France,Rennes,
The Popopopop's DJ Set,France,Rennes,2007
The Popopopops,France,Rennes,
The Popopopops,France,Rennes,
The Popopopops,France,Rennes,2007
The Presidents Of The United States Of America,Etats-Unis,Seattle,1993
The Prisoners,Royaume-Uni,Chatam,1982
The Prodigy,Royaume-Uni,Braintree,1990
The Propellerheads,Royaume-Uni,Bath,1995
The Proxy,Russie,Moscou,2005
The Psychonauts,Royaume-Uni,,
The Purple Helmets,Royaume-Uni,Londres,1983
The Rakes,Royaume-Uni,Londres,
The Real Tuesday Weld,Royaume-Uni,Londres,
The Red Goes Black,France,Douarnenez,2012
The Residents,Etats-Unis ,Shreveport,1969
The Right Ons,Espagne,,2006
The Ringo Jets,Turquie,Istambul,2011
The Roots,Etats-Unis,Philadelphie,1987
The Same Old Band,France,Lorient,2011
The Scratch Perverts & Second to None,Royaume-Uni,Londres,1996
The Screaming Blue Messiahs,Royaume-Uni,Londres,1984
The Shakers,France,Rennes,
The Shamen,Royaume-Uni,Aberdeen,1985
The Shoes,France,Reims,2007
The Skins,Etats-Unis,,2011
The Slow Sliders,France,Brest,2010
The Sons of Silence DJ's,Royaume-Uni,,
The Soup Dragons,Royaume-Uni,Glasgow,1985
The Squares,France,Nancy,
The Stairs,Royaume-Uni,Liverpool,1991
The Stooges Project (feat. J Mascis),Etats-Unis ,Ann Arbor,
The Storm & Jazzy Project,Allemagne,,1996
The Strut Players DJ's,Royaume-Uni,,
The Struts,Royaume-Uni,Derby,2009
The Sugarcubes,Islande,Reykjavik,1986
The Summer Of Maria False,France ,Rennes,2006
The Sunday Drivers,Espagne,Tolède,
The Sunshine Underground,Royaume-Uni,Leeds,2004
The Thrills,Irlande,Dublin,
The Ting Tings,Royaume-Uni,Salford,2006
The Toxic Avenger,France,Paris,2006
The Travellers,France,,2007
The Truth,Royaume-Uni,Londres,1982
The Twelves,Brésil ,Rio de Janeiro,
The Undertones,Royaume-Uni,Derry,
The Very Best,Malawi,,2008
The Vienna Vegetable Orchestra,Autriche,,1998
The View,Royaume-Uni,Dryburgh,2005
The Wankin' Noodles,France,,
The Wankin' Noodles,France,,2005
The Wankin' Noodles,France,,2005
The Wankin' Noodles,France,Rennes,
The Washington Squares,Etats-Unis,New-York,1983
The Weather (feat. Busdriver, Daedelus & Radioinactive),,
The Whip,Royaume-Uni,Manchester,2005
The Whitest Boy Alive,Norvège,Berlin,2003
The Wild Ones,Belgique,Bruxelles,
The Willowz,Etats-Unis ,Anaheim,2002
The Wiseguys,Royaume-Uni,Londres,1994
The Wiseguys,Royaume-Uni,Londres,1994
The Woodentops,Royaume-Uni,Londres,1983
The Words,France,Nancy,
The Young Gods,Suisse,Fribourg,1985
Thievery Corporation,Etats-Unis ,Washington DC,
Thony Maskot,France,,
Thumpers,Royaume-Uni,,2012
Thylacine,France,Angers,2012
Ticket,France,Nantes,1979
Tiefschwarz,Allemagne,Berlin,
Tiga,Canada,Montréal,1980's
Tiger & Woods,Italie,,1993
Tiloun,France (Réunion),,Début des années 90
Tim Exile,Royaume-Uni,,1999
"Tim ""Love"" Lee",Royaume-Uni,Londres,
Tim Wright,Royaume-Uni,York,
Tinariwen,Mali,,
Tiny Masters Of Today,Etats-Unis,New-York,2005
Tipsy,Etats-Unis,San Francisco,1995
Titan,Mexique,,
TNGHT,Canada,,2011
Tobo et les Flammes,France,Rennes,
Todd Terje,Norvège,,2001
Tohu Bohu,France,Rennes,1977
Tohu Bohu,France,Rennes,1977
Tom Bouthier,France,Rennes,1987
Tom Mc Rae,Royaume-Uni,Londres,
Tom Violence,France ,Rennes,
Tonino Carotone,Espagne,,
Tony Allen,Nigéria,,
Tony Joe White,Etats-Unis,Nashville,1968
Tony Truant,France,Paris,1980
Too Many Zooz,Etats-Unis,New-York,2013
Tortoise,Etats-Unis,Chicago,1993
Totally Enormous Extinct Dinosaurs,Royaume-Uni,Oxford,2007
Toups Bebey & Pact,Cameroun,,
Trachtenburg Family Slideshow Players,Etats-Unis ,New-York,
Tragically Hip,Canada,Kingston,1983
Transformer,Royaume-Uni,Brighton,2005
Transglobal Underground,Royaume-Uni,Londres,1990
Trap,France,,2009
Treponem Pal,France,Paris,1986
Treva Whateva,Royaume-Uni,,
Tribeqa,France,,2002
Trio Erik Marchand,France,Bretagne,1988
Trotskids,France,Rennes,1982
Trumystic Sound System,Etats-Unis,New-York,
Tryo,France ,,1995
TTC,France,Paris,
Tumi Mogorosi,Afrique du Sud,,2ème moitié des années 2000
Tunng with Buck 65 & Serafina Steer,Royaume-Uni,Londres,2003
TVC 15,France,Rennes,
TV Glory,France,Lille,2008
Tweed,France,Rouen,
Twenty Miles,Etats-Unis,,1996
Twisted Charm,Royaume-Uni,Londres,2004
Ty,Royaume-Uni,Londres,Milieu 1990's
Ubik,France,Rennes,1981
Ubik,France,Rennes,1981
Ubik,France,Rennes,1981
Ugly Duckling,Etats-Unis ,Long Beach,
Ulan Bator,France,Paris,1993
Ultimate High (vs Pills en invité surprise),France,,
Uminski,France,Paris,
Underground Resistance,Etats-Unis,Detroit,1989
Unholy Trinity,Royaume-Uni,Londres,
Urban Dance Squad,Pays-Bas,Utrecht,1986
Ursula Rucker,Etats-Unis ,Philadelphie,
US3,Royaume-Uni,Londres,
Useless,France ,Lille,
U.V. Jets,France,Brest,1977
UZ,France,,2012
Vaudou Game,Togo,Lomé,2013 / 1998 pour Peter Solo
Vein,France,Rennes,
Velvet Two Stripes,Suisse,,2011
Vendetta Palace,France,Paris,1985
Ventre,France,Nice,1983
Venus,Belgique,,
Venus de Rides,France,Rennes,1987
Venus de Rides,France,Rennes,1987
Véra Bila & Kale,République Tchèque,Rokycany,
Verska Vis,France,Rennes,1986
Verveine,Suisse,Vevey,2010
Vibeke Hansen,Danemark,Copenhague,
Vibrastone,Japon,Tokyo,1988
Vic Chesnutt,Etats-Unis,Georgie,1985
Vilify,Canada,Montreal,Milieu des années 2000
Villanova,France,Marseille,2009
Vinnie Who,Danemark ,Copenhague,2006
Virago,France ,Grenoble,1996
Vitalic,France,Dijon,
Vitalic VTLZR,France,,2000
Viva Voce,Etats-Unis ,Portland,1998
VKNG,France,Paris,2013
Voice of the Beehive,Etats-Unis,Laguna Beach,1986
Volta & Fx 909,France,Paris,
Von Magnet,France,Londres,1985
Von Magnet,France,Paris,1985
Von Pariahs,France,La Roche-sur-Yon,2009
Von Pariahs,France,Nantes,2009
Vrelo,Serbie,,2004
V.V. Brown,Royaume-Uni,Londres,
Wagner Pa,Brésil,Barcelone,
Waï,Nouvelle-Zélande,,
Wai,Nouvelle-Zélande,,1999
Wakal,Mexique,Mexico,
Wang Lei,Chine,,
Wang Leï,Chine,,
Wanted Posse,France,,
Wanted Posse,France,Lognes aux Segrais,1988
Wart,France,Rennes,
Washington Dead Cats,France,Paris,1984
Wax Tailor,France,Vernon,
Wayne Kramer,Etats-Unis,Detroit,1964
We Are Standard,Espagne,Bilbao,2006
We Are Van Peebles,France,Rennes,2010
Ween,Etats-Unis,Philadelphie,1984
We Have Band,Royaume-Uni,Londres,2006
West Indies Desire,France,,2007
Wet Furs,France,Bordeaux,
White Rabbits,Etats-Unis ,New-York,2004
Who Made Who,Danemark,,
Whore,France,Rennes,
Why Ted?,France,Laval,
Wife,Irlande,,2012 / 2006 dans Altar of Plagues
Wild Child,France,Marseille,1975
Wild Swans,Royaume-Uni,Liverpool,1980
Wilkimix,France,,2000
Wilkimix,France,,2000
Wilkimix,France,,2006
William Vivanco,Cuba,La Havane,
Willie Cortez,France,Paris,
Will T.Massey,Etats-Unis,Austin,
Winston MC Anuff & The Bazbaz Orchestra,Jamaïque,,
Witty Crew,France,Rennes,2006
Wolf People,Royaume-Uni,Londres,2006
Wonderboy,France,Rennes,2007
Wooden Shjips,Etats-Unis,San Francisco,2006
Woodentrucks,Belgique,Bruxelles,
World Domination Enterprises,Royaume-Uni,Londres,1984
World Party,Royaume-Uni,Londres,1985
Wroomble Experience,France,Nancy,1987
WU LYF,Royaume-Uni,Manchester,2007
Wylde Bunch,Etats-Unis ,Los Angeles,
X Makeena,France ,Rennes,
X-Makeena,France ,Rennes,
X Makeena,France ,Rennes,2002
X Makeena,France ,Rennes,2002
X-Ray Pop,France,Tours,
X-Ray Pop,France,Tours,
Yann Tiersen,France ,Brest,
Yann Tiersen,France ,Brest,
Yann Tiersen & Shannon Wright,France,Brest,
Yargo,Royaume-Uni,Manchester,
Yargo,Royaume-Uni,Manchester,
Yat-Kha,République de Tuva,,
Yo Majesty,Etats-Unis,Tampa,2000
Yosh,France,Toulouse,
Young Drills,Russie,,
Yuksek,France,,2002
Yuksek,France,Reims,
Za!,Espagne,Barcelone,2003
Zak Laughed,France,Clermond-Ferrand,2007
Zammuto,Etats-Unis,,2011
Zam Rock,Zambie,,
Zao,Congo,Brazzaville,1967
Zazou Bikaye,France,,
Zebda,France,Toulouse,1985
Zeds Dead,Canada,Toronto,2009
Zeljko Kerleta & The Space Runners,Serbie,Belgrade,
Zero 7,Royaume-Uni,Londres,
Zero 7,Royaume-Uni,Londres,
Zero DB,Norvège,Londres,
Zero,France,Rennes,
Zimpala : Bnx & Walter,France,Bordeaux,
Zion Train,Royaume-Uni,Londres,1990
Zodiac Mindwarp & The Love Reaction,Royaume-Uni,Londres,1985
Zombie Zombie,France,,
Zomby,Royaume-Uni,Londres,2006
Zong,France (Réunion),,
Zong,France (Réunion),,1996
Zoolander,Russie,,
Zoot and The Roots,Royaume-Uni,York,
Zuco 103,Pays-Bas,Amsterdam,
