ioSC;T69wS,1000 Names,Bulgarie,,2006
kBG]{w:ac],12 Rounds,Etats-Unis,Madison,
849\]vyYOr,13th Hole,France,Rennes,
3G_Q\8m_t4,22 Pistepirkko,Finlande,Utajärvi,1980
_LMGQDXr1a,24.7 Spyz,Etats-Unis,New-York,1986
f:|Jy][5?s,2 Bal 2 Neg',France,Chelles,1989
m1yGj6{FdM,2 Many Djs,Belgique,,
@0kpm>nckW,3 Mustaphas 3,Royaume-Uni,Londres,1985
CWegB`c[s{,4 ??????? ?????,Russie,,
kNBk@W13nT,50 Miles From Vancouver,France,Brest,2009
ep<DJc\iBM,64 Dollar Question,France,Caen,2005
swsGGiDsef,69,France,,2007
JOW_52FPne,78 RPM Selector,Inde,,2008
26bPpD=F\~,808 State,Royaume-Uni,Manchester,
}586DlVTA[,Abraham Inc.,Royaume-Uni,,2008
doit7kJ~7_,Abstrackt Keal Agram,France,Morlaix,
`|ClBmR^@W,Accrorap,France,,1993
thj2MWAfR0,Ace,France ,Nancy,
~Q{5[u=@;?,Acid Arab,France,Paris,2012
|g92_sNkX\,Acid Brass,Royaume-Uni,,
Kc[d8XC?PU,AD,France,Rennes,2008
}FME7TOHPp,A.D.O.R.,Etats-Unis,Mount Vernon,
Uuu15;8RWB,Adrian Veidt,France,Rennes,2012
WbMS<:{vH9,Aeroplane,Belgique,,
8oQwX@PkW{,Aesop Rock,Etats-Unis ,New-York,
l2?~h~ULo[,Affection Place,France,Lyon,1978
dq;\QRBE4m,Africa Unite,Italie ,Turin,1981
tLzZjh4Oz~,Afro Celt Sound System,Royaume-Uni,Londres,1995
YiPHioH5A|,Afro Jazz,France,,
W@Q@?BpXbJ,Agent Side Grinder,Suède,,2005
{OR{wp?IE3,Age of Chance,Royaume-Uni,Leeds,1985
{YH^Tuvm:A,Agoria,France,Lyon,1999
o4}8tenweb,Aï,France,Paris,
gfln?Lsk8t,Aipa'Atout,France,Rennes,
pxeNY3IF[p,Aïsha Kandisha's Jarring Effects,Maroc,,1988
CQP?FOV^;x,Aïwa,France ,Rennes,
iy|yJ5nVwi,Aj Croce,Etats-Unis,San Diego,
VKNt5xJCOL,Akabu,Royaume-Uni,,1988
2JHDm7Q`eC,Aktuel Force,France,,1984
whoP;6OXlc,Alabama 3,Royaume-Uni,Londres,1989
\HvPzaiCEw,Alan Stivell,France,,Fin 1960's
InltIfZYv1,Albert Hammond Jr,Etats-Unis ,New-York,1998
\ILmFO_SX7,Alec Metric (Live),Royaume-Uni,,2005
y4iQ2W2s?},Alee,France ,Rennes,2002
I@[Zp~S{}D,Alejandro Escovedo,Etats-Unis,Austin,Milieu 1970's
mw9DjK{Lz3,Alexander Kowalski,Allemagne,Berlin,
IsCpUZ|>T^,Alexander Tucker,Royaume-Uni,Londres,2000
;JK?\v>Yp|,Alex Grenier,France,,2000
u1bk{m6CD],Ali Hassan Kuban,Egypte,Le Caire,1942
=x<<PXVi\e,Alliance Ethnik,France,Creil,1990
FKz|f4r^Bx,Alphaat,France,Nantes,2010
_KKpniw[<d,Alphabet,France,Rennes,2011
AQc=zi^B86,Alsarah & The Nubatones,Soudan,,2010 / Alsarah seule : première moitié des années 2000
X5;rd1d<TQ,Amadou & Mariam,Mali,Bamako,1980
\{79Yr\|dG,Amon Tobin,Brésil,,
\8a:esH^5C,Amp Fiddler,Etats-Unis ,Detroit,
=qSR<L_WO^,Anches Doo Too Cool Duo,France,Rennes,1978
yGXImf_UjP,Andre Bratten,Norvège,Oslo,2013
j8g4tADG56,André Roque,France ,Rennes,
Wv^TQX5K79,Andrew More,France,Paris,
|aq{_RybzZ,Andy Bag,France,,
>Ti;I<EHMc, And You'll Know Us By The Trail Of Dead,Etats-Unis ,Austin,
v[3Zo3U5oO,Anechoic Chamber,France,Strasbourg,
Ri}3kcihbW,An Experiment On A Bird In The Air Pump,Royaume-Uni,Londres,
NeXlaEWt;Y,Ani DiFranco,Etats-Unis,New-York,1990
clXiqoGeAV,Animal Chuki,Pérou,Lima,2012
phHU9MnyAC,Añjel I.K.,France,,
ZCx?rtwIs0,Anna Palm,Royaume-Uni,Londres,
OK}hrRd8Ui,Annie Ebrel,France,,
nXIvWMyn`u,An Pierlé,Belgique,,
|V4`g}FC7m,Anthony Joseph & The Spasm Band feat Joe Bowie,Trinidad & Tobago,Trinidad,2001
1X}Wx^hSXo,Anti Pop Consortium,Etats-Unis ,New-York,
:Vko:xU8O_,Aphrodite,Royaume-Uni,Londres,1988
]=z|LyPFwN,Apochela,France,Rennes,2013
JT^HFi_uJf,Apple Mosaïc,Royaume-Uni,Bristol,
0l5Yo:`mK^,April March,Etats-Unis ,New-York,
^@m@}FVEt?,Archipel,France,,2012
S6svMqdlep,Arling & Cameron,Pays-Bas,Berlin,
mFB]y_kJ[Z,Arno,Belgique,Ostende,1970
2L3vE~ciOn,A,Royaume-Uni,Suffolk,
KoDK\eTga|,Ar Re Yaouank,France,,1986
Gt?mtMp>b~,A.S. Dragon,France,Paris,
wGGnQGsQvu,Ash,Irlande,Downpatrick,1992
ojuCOs6vxO,Ashley Beedle,Royaume-Uni,Londres,1989
q1WlQ9371C,Ashley MacIsaac,Canada,Toronto,1992
n6:]u`8qQ7,Ashley Slater,Royaume-Uni,Brighton,
wzahwgVK@},Assassin,France,Paris,1985
Qxqb[ak@Pb,Astrodynamics,France,Rennes,2008
9WY;ySx}<N,A Subtle Plague,Etats-Unis,San Francisco,Milieu 1980's
51=WclQILt,Athlete,Royaume-Uni,Depford,
DZ[WCl4AHv,Atom,France,Rennes,
XQo>imU~Kz,Atomic Swing,Suède,Stockholm,1992
_Fu?bpTLC:,Atom Rhumba,Espagne,,
}Cuu;|Q`Za,AtomTM,Allemagne,,
5`khVcLpP>,A-Trak,Canada,Montréal,1997
|6yR4uXuYf,A Tribe Called Red,Canada,Ottawa,2010 (2008 en duo)
8v0[MB}k6X,Attaque,Royaume-Uni,Colchester,2011
OdhIJ[Upd3,At The Drive In,Etats-Unis ,El Paso,
AmrvTeRH4d,Attica Blues,Royaume-Uni,Londres,1994
Hi[Au1@^Ow,Attila Project,France,,
^;;\<d1npv,Audio Active,Japon,,
SM3{~@t0|1,Audio Bullys Sound System,Royaume-Uni,Londres,
UZ{FpGXZsm,Audrey Katz,France,Paris,2007
T{Rf6Q:`EW,Aufgang,Luxembourg,,2000
~PWo;6yhtQ,Au Milieu Des Choses,France,,
3R:F_s2^JQ,Au P'tit Bonheur,France,Paris,1991
m7K6_6m{cF,Autokratz,Royaume-Uni, ,2006
dm;iL\nG\m,Ava Luna,Etats-Unis,,2006
pPYGa`vp8R,Avondale Airforce,Etats-Unis,,2009
MmL^HP^^3s,Avril,France,Paris,
:vvwT]\L31,A-Wa,Yémen,,2013
Wy_qrKscvl,Awesome Tapes From Africa,Etats-Unis,,2006
8FFJeTahfk,Axel Krygier,Argentine,Buenos Aires,
cN9Y@^FP6B,Azaxx,France,Rennes,
HcKpaDc@qL,B3,France,Saint-Brieuc,
x~KjLpxs7A,Baaba Maal,Sénégal,Podor,1985
rUxw|P7WJj,Baadman,France,Caen,2009
6[MVHAIF2;,Babar Luck,Royaume-Uni,Londres,2005
As1iQsIU2?,Baba Touré,Côte d'Ivoire,Abidjan,
Xh9}?2VKV8,Babe,France,,2010
UszZAMxkgY,Babylon Fighters,France,Saint-Etienne,
ry}SHcBne7,Backpack Jax,France,Nantes,2009
tsuYKL>G8?,Back to The Planet,Royaume-Uni,Londres,1989
V39G2v{yR},Bad Livers,Etats-Unis,Austin,1990
JG?xkF}F20,Badly Drawn Boy,Royaume-Uni,Manchester,
iW4Tx>zMkn,Badume's Band,France,,2004
?9vC6\;QCy,Baloji,Belgique,,2006
n37PF2d1r8,Bams,Cameroun,,
pSOKw236P|,Band Apart,France,Marseille,
F|@`Wg4U}v,Bandulu,Royaume-Uni,Londres,1992
S9Wsu]x?]F,Bangkok Paddock,France,Poitiers,1988
?ixSHvS^8],Bantam Lyons,France,Nantes,2011 en duo / 2013 en quatuor
<M:rLtxWD5,Bantam Rooster,Etats-Unis,,
PZ{cc<Q^XK,Baris K & Mini,Turquie,,
~kRwi}nA2T,Barking Dogs,France,Paris,1988
FPFZ?AOw7=,Barnt + Aguayo,Allemagne,Cologne,2014 / 2010 pour Barnt / 1998 pour Matias Aguayo
[Yse8WiqOk,Barnt,Allemagne,Cologne,2010
ruMDSXa4ix,Barrence Whitfield & The Savages,Etats-Unis,Boston,
g21ss9It|\,Basement Jaxx ,Royaume-Uni,Londres,1994
gAefh:GAv`,Bassbin Twins,Etats-Unis,San Francisco,1992
E^;0D]1`8<,Batida,Portugal,,2008
{pmbZRquJ;,Bauchklang,Autriche,,1996
yso4?GA^=5,Beardyman,Royaume-Uni,Brighton,2001
WaIo1W<`2k,Beast,Canada,Montréal,2004
nash4x|ZpE,Beastie Boys,Etats-Unis ,New-York,1981
QomIULW7rz,Beataucue,France,,2009
m<rQA9;?`~,Beats & Styles,Finlande,,1996
N^W?yI~w<4,Beat Torrent,France,Paris,2007
}M>icTHMI_,Beck,Etats-Unis,Los Angeles,1988
H5E3QOP`Y~,Bed,France,,
0:Ze_WuVg|,Bedlam Ago Go,Royaume-Uni,Leeds,
u8oRT7_tdo,Bel Canto,Norvège,Tromsø,1986
tLe2mHyY}b,Belone,France,Saint-Lô,2005
Uch|\f?zUD,Belone Quartet,France,Nantes,2004
sQa:2EnP37,Ben Harper,Etats-Unis,Claremont,1992
T;hT3rp8^b,Benjamin Clementine,Royaume-Uni,,2012
ggDydd`QF5,Benjamin Diamond Electro Band,France,Paris,
S7EH6W5jp7,Benjamin Zephaniah,Royaume-Uni,Londres,
`7Is^?g~vf,Ben Vaughn Combo,Etats-Unis,Philadelphie,1983
_cE9h8r{MA,Berlin 38,France,Avignon,1979
OM;g1a|mc@,Bertrand Burgalat,France,Paris,
5y8f8w=5w;,Bérurier Noir,France,Paris,1981
H^Ltq}n1]?,Beth Gibbons & Le Peuple de l'Herbe,Royaume-Uni,,
dOORNISn8~,Betty Boop,France,Dijon,1989
Va7y<BmnyN,Bibi Tanga & Le Professeur Inlassable,Republique Centrafricaine,,2007
{5CV1_Rjl?,Big Buddha,France,Marseille,
}>`z@hSLrb,Big Buddha & Tamm Ha Tamm,France,Marseille,
rzDaU`AQ?f,Big Soul,Etats-Unis,San Francisco,1989
Xnk7wad3XK,Bikini Machine,France ,Rennes,
YC}Rad9EhD,Bill Baxter,France,Paris,1977
iUH7MgB^oW,Bill Riley,Royaume-Uni,,
rmQ~X5}e_`,Billy Ze Kick,France,Rennes,1990
x3__c:mk;r,Bim Sherman,Jamaïque,,1975
AcZWGweskt,Birdy Nam Nam,France,,2002
L}:ZEbOYyt,Birth of Joy,Pays-Bas,,2008
Da6co\pA3k,Bison Bisou,France,Lille,2011
9@m6wlmj70,Björk,Islande,Reykjavik,1977
HJpRl4zgzs,Bjørn Berge,Norvège,,
KD>v|]Wr[b,Blackbelt Andersen,Norvège,,
|M|W4s{X^^,Black Blanc Beur,France,Nantes,1996
ymQ=>rNsJh,Black Commando,Etats-Unis,New-York,2014
Slc_eD2Zm9,Black Ham,France,Rennes,2005
jKM0H33E=S,Black Lions & Wadada,France,Marseille,
R50X{a58<G,Black Maria,France,Evreux,1985
WhZ=bis_}I,Black Star Liner,Royaume-Uni,Leeds,1994
2rbmczYY{;,Black Strobe,France,Montpellier,1997
:ol`WP4W\6,Blah Blah Blah,Irlande,Belfast,1983
;Jrt2s?qt6,Blamma! Blamma!,Royaume-Uni,Londres,2006
Yg<ufLHF6k,Blessed Virgins,France,Pontoise,1981
MV4~dL7^1;,Blindfolded,France,Bordeaux,
Y2:NEB|BUr,Blind,France,,
]Fb1KSq22d,Blink 182,Etats-Unis ,Sacramento,
XiiE|={<9D,Blitz The Ambassador,Etats-Unis,New-York,2000
1aex0<``<c,Blk Jks,Afrique du Sud,Johannesbourg,2000
2Yt^FxEAnt,Bloodhound Gang,Etats-Unis,Trappes,1992
o=E{tgzPin,Blubbery Hellbellies,Royaume-Uni,Londres,
k8`8qkKJnp,Blues'N'Trouble,Royaume-Uni,Londres,1980
la<Jqdy|O@,Blurt,Royaume-Uni,Stroud,1980
=btsh_{Q4S,Blutch,France,,2012
_zo5D>}kfV,Bly,France ,Lens,
UphoO]fH[X,Boat People Superstar,France ,Rennes,
O4eXc0PlP7,Bobby Conn,Etats-Unis ,Chicago,
i{su[N?\j`,Bobby Hardcore Liberace,France,Paris,1999
\JVF5X@UW>,Bobby Hardcore Liberace & Lee Hands Perrins,France,Paris,1999
>T_>V{>]c:,Bobby Sichran,Etats-Unis,New-York,
BAO|r]lngT,Bob Log III,Etats-Unis,,
DB^U1VyOVR,Bo Diddley,Etats-Unis,Chicago,1951
4n?B1{IUfR,Bo Dollis & The Wild Magnolias,Etats-Unis,La Nouvelle Orléans,1950's
YyL|0]0h~d,Bogeymen,France,Angoulême,Début 1990's
9exVXB5[Rj,Bomba Estereo,Colombie,Bogota,2005
7oo^yYfL0M,Bon Iver,Etats-Unis ,Northwestern,2007
_R0uQO1=BI,Boogaloo - Lotari and more,France ,Rennes,
{Oj[hFB29},Boogie Balagan,Israël,,
Raq]c9h>Kd,Boom Bip,Etats-Unis ,Cincinnati,
o5Kh^2?`a?,Bootsauce,Canada,Montréal,1989
DWzkfdGc@@,Bootsy Collins'Rubber Band,Etats-Unis,Cincinnati,1976
dz8VZ?egIn,Boo Yaa T.R.I.B.E.,Samoa ,,1988
[C7;jAmEgn,Boplicity,France,,
eIjf7O8;qa,Border Crossing,Royaume-Uni,Londres,
8gb]d9U]nI,Borghesia,Yougoslavie,Ljubljana,1982
ewmT}glPXq,Boris Brejcha,Allemagne,,2006
7HA}n6Lb88,Bosco Delrey,Etats-Unis,,2009
MPb?:WDUM9,Boston Bun,France,Lille,2011
;l2Df7OrY3,Botibol,France,,2006
]efCZ;@~yY,Boukman Eksperyans,Haïti,Port-au-Prince,1987
DKhvIt5=}t,Bow Low,France,Caen,2005
<c2HH;;mUE,Boys Noize,Allemagne,,1996
p;HnZ05sEH,Boys Wonder,Royaume-Uni,Londres,1987
}\IVqj6dC?,Braise Cendar,France,Lille,
ym:<kM3dA_,Brassy,Royaume-Uni,Manchester,
{OC6Ntu}pP,Breakage,Royaume-Uni,,
\OQXdRf@\~,Breakestra,Etats-Unis ,Los Angeles,
5M~LzTB~{b,Breakout Project,France ,Rennes,
k7^g6Es58t,Breton,Royaume-Uni,Londres,2009
=THE9[x<zO,Brett Johnson,Etats-Unis ,Seattle,Fin 1980's
B>UbGS<aWU,BrightBlack Morning Light,Etats-Unis ,,2002
XCm6gMxI@j,Brodinski,France,,2004
2GQPYAlqnX,Bros Before Hoes,France,Rennes,2008
Fskh;ldztY,Brother Resistance,Trinité et Tobago,,Début 1970's
4lf=]j>3O},Bruno Green & The Easy Sliders,France,Rennes,
MvJvkko5f?,B.T.,Etats-Unis,Los Angeles,
A2I^N^uMW9,Budam,Iles Féroé,,2007
GU}_q;YMjY,Buddy Curtess and the Grasshoppers,Royaume-Uni,,
ON@i;iJlkp,Budju,France,Rennes,2011
y^UcJ}2v`G,Bumcello,France,Paris,
uOCzs7{:Q^,Bumpkin Island,France,Saint-Brieuc,2010
jLI19VraO4,Burning Heads,France,Orléans,1988
J68J>\PJEc,Burning House,France ,,2010
~O4M=[J{>H,Busta Flex,France ,Paris,1994
8=YpadPIk~,Cabaret Voltaire,Royaume-Uni,Sheffield,1973
RRl0f2>t\l,Café Tacuba,Mexique,Mexico ,1989
i\Znne{a2;,Cage The Elephant,Etats-Unis ,Bowling Green,2005
~N8ibh7vyi,Calexico with Mariachi Luz de Luna,Etats-Unis ,Tucson,
h:NcG]\8:?,Calvin Harris,Royaume-Uni,Dumfries,1999
;Vw<td3OKj,Camera,Allemagne,Berlin,2010
pwpX|q_8d{,Campag Velocet,Royaume-Uni,Londres,
qS^\hquQEV,Candie Payne,Royaume-Uni,Liverpool,2001
\Y:VDv{7oL,Candie Prune,France ,Rennes,1995
KYP~q7@c5C,Cannibal Ox,Etats-Unis ,Niles,
z=D2SXQ;R`,Canray Fontenot & Elridge Thibodeaux,Etats-Unis,Welsh,1937
1`Z5pdcTtR,Capacocha,Pays-Bas,,2006
[XuFkmCKKq,Carbon Airways,France,Besançon,2010
?xeBP`v`:w,Carbon/Silicon,Royaume-Uni,Londres,2002
oXy6`A{X\7,Cardopusher,Venezuela,,2005
Q09oy|G\fd,Carl Cox,Royaume-Uni,Londres,1977
_3Jj>K0y5P,Carl Hancock Rux,Etats-Unis ,New-York,
[wq76m_^Vb,Carlinhos Brown,Brésil,,
AMAylqoI9Q,Carmel,Royaume-Uni,Manchester,1981
LVi6vcYbtF,Carré Manchot,France,,1986
J7G6N;]brt,Carte de Séjour,France,Lyon,1980
k06:=rjHQG,Carton Park,France,,2007
sZI>on}{{M,Casse Pipe,France ,Saint-Brieuc,1990
ZfSztjOeBk,Cassius,France,Paris,1988
?M6Qgq[t7s,Cass McCombs,Etats-Unis,,
_4UXaCxG~H,Cast of Thousands,Irlande,,
L??JV83GFm,Catalogue,France,Paris,1979
haryu1>v@u,Cat Power,Etats-Unis,Atlanta,
si`3HDpM99,C.C.C.P.,Italie,Carpi,1982
XR{DII>75z,Cell,Etats-Unis,New-York,1990
4yctZEHT:r,Celtas Cortos,Espagne,Valladolid,1986
gaZ\5m6HVt,Cercueil,France,Lille,
c7h<;8Jp=S,Certain General,Etats-Unis,New-York,1980
yqhj|RBfd_,Champion,Canada,Montréal,
ZI294nSpo~,Chancha Via Circuito Feat. Miriam Garca,Argentine,Bueno Aires,2006 / 2000 sous le nom de Universildo
_zrydWP3WE,Charged feat. Bill Laswell, Eraldo Bernocchi,Etats-Unis,
AR=SBfH3Op,Charles & Les Lulus,Belgique,Bruxelles,1991
fJyPPsq`3r,Charles Schilling,Belgique,,1992
SD{tEZ5n8=,Charlie Cottage,France,Saint-Malo,1991
f1;Wus[HbC,Charlie Kane,Royaume-Uni,,2011
gvu@[e^~Bs,Chateau Flight (feat. Gilb'r & I:Cube),France,Paris,
YAF<QaR{xx,Cheb Kader,Maroc,Paris,1982
;S@]P}pgl6,Chelsea,France,Paris,
@hC_R=m\gz,Cherif M'baw,Sénégal,,
Iz<>lsB7K9,Chevalier Brothers,Royaume-Uni,Londres,1982
13\ouSrJuq,Chicco,Afrique du Sud,Soweto,
4@:{1=Aj@},Chic Gamine,Canada,Winnipeg,2007
Fpy:j;ZiRV,Chico,France,Nancy,1980
gLwGwomZ:F,Chico Science & Nação Zumbi,Brésil,,
wzYpUbEXKa,Childrum,France,Rennes,2010
7t5`M^djO2,China Rats,Royaume-Uni,Leeds,2011
if=X\3Gdfa,!!! (Chk Chk Chk),Etats-Unis ,New-York,
>X\1^hQY0g,Chocolate Donuts,France,Caen,2008
7cwLVO\]xX,Choream,France,,1993
yB~EOcV~E?,Choréam,France,Montreuil,
YjU2XcMTMY,Chris De Luca Vs Phon.o,Allemagne,,2006
C[6q2hf]MH,Christian Dargelos,France,Rennes,1977
n7VNaf9imC,Christian Marclay,Etats-Unis,New-York,
R79=pt`\<u,Christine,France,Rouen,2010
{\bhUw_kqX,Chris Whitley,Etats-Unis,Houston,1978
ny^[lL5vc;,Cibelle,Brésil,São Paulo,
<ST1dZ^Z_J,Cie 6ème dimension,France,Evry,
Y9x_G7<Km{,Cie Engrenage - I Feel Good,France,Rennes,
hiydY<>E<>,Cie Lalala Human Steps,Canada,Montréal,1980
}Zh??yFHeO,Cie Rêvolution,France,Bordeaux,
84Gy3kyU1k,Cinematic Orchestra,Royaume-Uni,,
`M7]^SFd}O,Cisum,France,Rennes,
VlH>tsKBaf,Citrus,France,Paris,
MWz15MKna8,City Kings,France ,Rennes,
jeS`QuWaYu,Cj Bolland,Belgique,,
G_~]XCSI|8,C K C,France,Rouen,
XXPkPA1Fkd,Clap! Clap!,Italie,,2013 / 2008 sous le nom de Digi G'Alessio / 1999 en tant que saxophoniste de jazz
B[kYE0OvKE,Clap Your Hands Say Yeah!,Etats-Unis ,New-York,
<i2Huj=sT{,Clara Moto,Autriche,,2007
p3>wuzvOfq,Clarens,France,Rennes,2012
q;~pG7:9iT,Clea & Mc Leod,Royaume-Uni,Londres,
\j5ak=oo4N,Cleveland Watkiss,Royaume-Uni,Londres,
w=Aq7vT}F8,Clockwork of the Moon,France,Caen,2008
lWeIz4rSOo,Clotaire K,Liban,Beyrouth,1996
ZZ<bw@\Dsy,Clyde P,France,Paris,2013
7a?fLBw61P,CNN,Royaume-Uni,Leeds,1992
OISYjI6=7e,Cody ChesnuTT,Etats-Unis ,,
160ybudMkP,Coeur Noir,France,Toulouse,
6Uh1eN;_Mu,Coldcut,Royaume-Uni,Londres,
<;^oxy^izV,Colder,France,Paris,
c97rNc{gh6,Cold War Kids,Etats-Unis ,Fullerton,2004
n<O@sGH|R@,Colin James,Canada,Vancouver,
e{=~cNhc2R,Colin Stetson,Canada,Montréal,1994
VMQ5??YCox,Compact Disk Dummies,Belgique,Desselgem,2010
2IkRGxf1~2,Compagnie Black Blanc Beur,France,Nantes,1996
@^BD4`Ve4Q,Compagnie Cool Spirit,France,,
u\nBTkb7dX,Compagnie Eskemm,France,Lorient,2003
S=bY5^l<UQ,Compagnie Ethadam,France,,
w4z6RoZOHk,Compagnie Figure 2 Style,France,Dijon,1996
~k<rN4ITB7,Compagnie Khady Fofana,France,Villeneuve-la-Garenne,2005
ENtmqn=~JE,Compagnie Révolution,France,Bordeaux,
Bf`9ZMcc\{,Compagnie S'Poart,France,La Roche-sur-Yon,1996
osP1xB1BH<,Compagnie Xpress,France,,2001
Gimnh@19lN,Compagnie Zahrat & Top 9,France,,
BW>UXn`UZ_,Complètement,France,Troyes,
;>\iP^rC@q,Complot Bronswick,France,Rennes,1981
[pUcs:QOXi,Complot,France ,Rennes,1981
]7s:h7yQ@u,Compuphonic,Belgique,,2003
LHu2]?3@|6,Computer Jockeys,Allemagne,,
~=imQDhPOQ,Concrete Knives,France,Flers,2007
{w;6GP]^Os,Connan Mockasin,Nouvelle-Zélande,,2004
a0d{FwMoTu,Cool Freddy Jay,France ,Paris,
QcF`e7Scwd,Cop Shoot Cop,Etats-Unis,New-York,1987
^2D]W]dPC_,Corazon Rebelde,France,Paris,
2ww\bNZb@i,Core Dump,France,Rennes,
G=OBXm\8La,Corman & Tuscadu,France,Nîmes,1987
`xn\7:ez10,Cornershop,Royaume-Uni,Leicester,1992
@GxcgSKOB{,Cosmic Wurst,France,Paris,1984
`H_3YW4kT@,Cosmogol & Barbatrax,France ,Rennes,
o?>AlbO@4c,Cosmo Sheldrake,Royaume-Uni,Londres,2012 / 2007 avec le groupe Gentle Mytics
?H0dsV852W,Costello,France,Bordeaux,2007
IsLKPXo^ln,Costes,France,Paris,1985
ii2QUgrImg,Count Indigo,France,,
:b;pP?i=LI,Courtney Barnett,Australie,Melbourne,2010
95oPY2L;GA,Courtship Ritual,Etats-Unis,New-York,2013
yw5wfa?bFo,Cousteau,Royaume-Uni,Londres,
I_==ze7[^Q,Cowboy Mouth,Etats-Unis,La Nouvelle Orléans,1990
`_2K_:^OTT,Coyote Pass,France,Brest,1985
<Gi{q5h[YK,Cracker,Etats-Unis,,1991
dy0hEHud0w,Crane Angels,France,,2007
6cCGl>{zVe,Crazy Town,Etats-Unis ,Los Angeles,
mTvpAvr>}o,Creature,Canada,Montréal,2004
TwTVdJVSH{,Croaks,France,Rouen,
B91QLg~W?[,Crocodiles,Etats-Unis,San Diego,2008
9D4DNZ<cTZ,Crookers,Italie,,2004
;JxheI1]L1,CSS (Cansei De Ser Sexy),Brésil,São Paulo,2003
yGo;{8lhHF,Cubist Blues (Alan Vega / Alex Chilton / Ben Vaughn Combo),Etats-Unis,New-York,
7ZJQB0?xiu,CUIR! Moustache,France,,2008
80tZZUNFul,Curtis Harding,Etats-Unis,Atlanta,2013 / 2002 avec Cee-Lo Green
snkzT]1]6^,Curve,Royaume-Uni,Londres,1991
P76~wW8g2r,Cut The Navel String,France,Angers,
`t=B426=u1,CWP 35,France,Rennes,1991
5D>7iJo]wz,Cypress Hill,Etats-Unis,Los Angeles,1988
XuPl[>Th^R,Daara J,Sénégal,,1997
H8Icr|m0X3,Daddy Yod,France,Saint-Denis,1985
UqU343nrOE,Dad Rocks!,Danemark,Arhus,2009
u43n<{Kb^Q,Daft Punk,France,Versailles,1993
v`6^\S]bgx,Dahlia,France ,Rennes,
SN7LxoKhmP,Daisy Duck,France,Nice,
T3<svWd^AZ,Dajla,France,,2004
eFtaW`Uo_0,Dakhabrakha,Ukraine,,2004
}8WKLdkN;@,Damien,France,,
4_phz7@ZKN,Dam,Palestine,,1999
l^vq45}ikW,Dan Deacon,Etats-Unis ,Baltimore,2003
7_\scx4H:P,Danielle Dax,Royaume-Uni,Londres,1981
u~=^}[uX};,Danton Eeprom,France,,
o;nWO3ytHn,Danyel Waro,France (Réunion),Réunion,1975
Yf\0:XYk{o,Danyel Waro & Titi Robin,France (Réunion),Réunion,1975
lqOgs;KY;6,Daphree Phunkateerz,France,,
qJg5k<0k\|,Darjeeling Speech,France,Rennes,2014 / 2004 avec Micronologie
mcYDi;ncB`,Darko,France,,2006
8wB2lsKh1o,Darlin Nikki,France ,Rennes,
J>C|0Ij8]o,Darrell Wynn,Etats-Unis,,
cxax3aNC41,Darren Price,Royaume-Uni,Londres,
Gy\UqBqBo`,Dash Rip Rock,Etats-Unis,Baton Rouge,1984
C>SV0dA`_c,Datarock,Norvège,Bergen,
b3{oLGe0]m,Dat Politics,France,Lille,
t^yvZR>3|@,Daughn Gibson,Etats-Unis,,2012 / 2001 en tant que batteur du groupe Pearl and Brass
CXIZgocEUL,Dave Clarke,Royaume-Uni,Brighton,1990
dmP?cj?iTu,David Holmes,Royaume-Uni,,
]WfUiY9T7S,David Krakauer & Socalled,Etats-Unis ,New-York,1985
<ejI`TeR`Q,David Peel & The Lower East Side,Etats-Unis,New-York,1968
KWnNTpzO2x,David Thomas & Two Pale Boys,Etats-Unis,Cleveland,
ZYWcUZ\|wQ,David Walters,France,Paris,
<N`tKf~h}[,Dazibao,France,Paris,1983
mu5war}by2,DBFC,DBFC,Paris,2014
NI|vYHpmTs,DCA,France ,Rennes,
Q\Ilu{6S}7,DC Basehead,Etats-Unis,Maryland,
~Pva8x1j=T,Dead,France,,2012
Usimq{1ifj,Dead Gregory's,France,Rennes,
;;@2Zx^V}s,Dead Kids,Royaume-Uni,Londres,2006
?3<4HhGb`7,Dead Obies,Canada,Montréal,2011
Jj3IN44Z5:,Death in Vegas,Royaume-Uni,Brentford,1994
]kJ9uMbdGC,Debmaster,France,Angers,2003
5LSiSn=emb,Deche dans Face,France ,Bordeaux,
~R_\EKa3:^,Dédé Traké,Canada,Montréal,1989
6?3dd\g~9;,Dee Jay Punk-Roc,Etats-Unis,New-York,1987
apf?^}2kQl,Deep Dish,Etats-Unis ,Washington DC,
Ff8`PTZt]J,Def Cut,Suisse,,
>HS?\SN~4s,Defek Fun,France,Rennes,1989
uLea`4d6q5,De La Soul,Etats-Unis ,New-York,
9OL=N}DZ5L,Del Cielo,France ,Rennes,2006
<TZa{QR3d[,Dellarge,Mexique,Mexico,2002
tWKfsh|DAl,Dels,Royaume-Uni,Londres,2007
VKurQ=`F50,Demolition Doll Rods,Etats-Unis ,Detroit,
h:CWCPcik1,Dempster Highway,France,Clermond-Ferrand,2010
YcR2HfJS0s,Denez Prigent,France,Bretagne,
LEeE^_JpDz,Dengue Fever,Cambodge,,2001
Wu^tPn{b`J,Den Sorte Skole,Danemark,Copenhagen,2003
wA{bsJUftg,De Portables,Belgique,Gand,1996
Zs2|7>`5u9,Deportivo,France,,
TjOqIwcGQJ,Depth Affect,France,Nantes,2003
}1Fz@p[Z4=,Depth Charge,Royaume-Uni,,
1E1mbrR]nl,Derrick Carter,Etats-Unis,Chicago,
nsqO<smf@},Des Airs,Belgique,Bruxelles,
5pS[a`Ff`J,Desert Rebel,Niger,,
Y>AgzE}y7e,Detrimental,Royaume-Uni,Leeds,
3gnf=Jo[vW,Detroit Social Club,Royaume-Uni,Newcastle-upon-Tyne,2007
H[7prEH}}p,Dewey Balfa,Etats-Unis,Mamou,1947
;b:2vt^>d{,Dgiz,France,Paris,
?ma~^cwwVK,Dick Tracy,France,Nancy,1980
:vF<2EbcrD,Didier Sinclair,France,Montpellier,1982
;a:[n:~}as,Digicay,France,Rennes,
T^koP1fnqr,Digitalism,Allemagne,Hambourg,2004
]\93AVvYvs,Dimitri from Paris,France ,Paris,1986
XpIe2w]}vW,Dionysos,France ,Valence,1993
dnjT_L70N;,Diplo,Etats-Unis,,2003
5[`3GbXsW3,Dirty District,France,Sèvres,1985
67~tHgMP^~,Dirty Three,Australie,Melbourne,1992
giMq>Y8:Rh,Disco Anti Napoleon,France,Nantes,2010
@wNccp8vU~,Dissonant Nation,France,Marseille,2008
8auX8`MLsk,Dizzee Rascal,Royaume-Uni,Londres,2000
9Gtq]c9Idk,Dizzy Romeo,France,Rennes,
Ca54|_6vP9,DJ Adams Roy,France ,Rennes,
g]l{6v58`<,DJ Aï,France,Paris,1997
dw[w^fD54B,Djak,France,Angers,2007
i0WYPCWmI8,Django Django,Royaume-Uni ,Ecosse,
@I5283b\fa,Dj Assault,Etats-Unis ,Detroit,
M@XqO:adqk,DJ Ata,Allemagne,Francfort,Fin 1980's
bfn{qNNY4j,DJ Azaxx,France,Rennes,1995
[lbmK2bpwc,DJ Barmy & DJ Oates,Royaume-Uni,Londres,
@{ry8WHuIi,DJ Ben,France,Tours,1984
Ppb]jlYaMm,DJ Benny Boy,France,,
HMEMGURr7A,DJ Benoît de Grooves,France ,Rennes,
]|xhbj<RbN,DJ Bertrand,France,Paris,
=Zb]:fkr12,DJ Big Buddha,France,Marseille,
bw1FTG2@I`,DJ Bikini,France ,Rennes,
8|N3MfZ1R4,DJ Blake Baxter,Etats-Unis,Detroit,Début 1980's
K_V4RyI67z,DJ Bobby Hardcore Liberace,France,,
v}NnWT:;Ra,DJ Boogaloo vs DJ Lotari,France ,Rennes,
?wQMmHx]hU,DJ Cam,France,Paris,
A_qqH=~c4[,DJ Carl Cox,Royaume-Uni,Oldham,1988
NgjqlqKLd1,DJ Cash Money,Etats-Unis ,Philadelphie,
]FElApZk8I,DJ Ced,France,Rennes,1994
M91ANsmw3:,DJ Cheb Aziz,Maroc,Rennes,
TWPw63=>\5,DJ Click,France,Paris,2000
wpIU5YVyEI,DJ Cook,France,Rennes,
QycGRK~G@g,DJ Core Dump,France,Rennes,
zynId_=[pz,DJ Cover,France,Rennes,Début 1990's
=:sghomd1W,DJ Crabbe,France,,1987
oU;z;=Nl4k,DJ Cutlass Supreme,Royaume-Uni,,
Sc{j@6f_2q,DJ Dee,France,Rennes,
GWkX;ZC{zU,DJ Deep,France,,1988
6uo7vmzXGN,DJ Dick,Allemagne,,1984
p2h9[e:g;b,DJ Doc Martin,Etats-Unis,San Francisco,1986
}osUt9c\O=,DJ Don Lurie,France ,Rennes,
l|f4`KK9|6,DJ Double A & Jack O'Mollo,Suisse,Lausanne,
VVSo@3JdPj,DJ DSL,Autriche,,
T2LxDO}jAa,Djedjotronic,France,,2006
31F|Y~xz[=,DJ Erik Rug,France,Paris,1989
JY3P{PFK7C,DJ Eye Spoon,France,,
HI:SjdqrZ],DJ Flow & Mc Darrison,France ,Rennes,
a_FDwO6pMH,DJ Flow & MC Youthman,France ,Rennes,
>=h<I\a~|6,DJ Format & Mc Abdominal,Royaume-Uni,Londres,
4@D8OTvS:3,Dj Fstep Back2back,Russie,Moscou,
S;`;Uf2yT~,DJ Funk,Etats-Unis,Chicago,
Id3E}`axPU,DJ Galliano,France ,Valence,1992
ImFGUGQacD,DJ Geoffroy,Belgique,,1991
7[tvqrv4|<,DJ GG,France,Rennes,1990
cvHWUMC5JI,DJ Gilb'r,France,Paris,
JW]@xiM@`],DJ Gilb-R & MC Otis,France,,
0XqfLS=r]F,DJ Graeme Park,Royaume-Uni ,Aberdeen,1987
|8V|XC6][l,DJ Gregory,France ,Paris,1988
cpU]E9yt6a,DJ Haze,France ,Rennes,
}<AdCKs]56,DJ Hell,Allemagne,Munich,
bFmvw<IaES,DJ Jack,France,Marseille,1990
E9=wk>|SR|,DJ Kentaro,Japon,,
cN28EJoR}X,DJ Kevin,France ,Nice,
BJhsW=2uug,DJ Krush,Japon,Ibaraki,1983
xWHm?ALOSh,DJ Le Clown,France ,Rennes,
9^WNfuGQYL,DJ Le Clown Video Circus,France,,2006
@dO[vI9R@W,DJ Lewis,Royaume-Uni,Londres,
5`0q0?{iqC,DJ Linus,Allemagne,Munich,1987
|b2[7]mWXS,DJ Marcelinho Da Lua,Brésil ,Rio de Janeiro,
GHA=t>{zaN,DJ Marky feat. Dynamite MC,Brésil,São Paulo,
7T4JRMN4pz,DJ Marmaille,France ,Rennes,
ei7hl{MTQM,DJ Marrrtin All Stars,France ,Rennes,1998
{|cp2VF^PH,DJ Marrrtin & DJ Junkaz Lou,France ,Rennes,
Nj[<jG|WGN,DJ Master H,France,Paris,
gaDjv]gr1N,DJ Mau-Mau,Brésil,,1987
{r5hWH_CM{,DJ Me DJ You,Etats-Unis ,Los Angeles,
~o`yvgD~zU,DJ Mehdi,France,Paris,1992
dNZ4n^XR0L,DJ Mix Master Morris,Royaume-Uni,Brighton,1982
eHc2^gD><V,DJ Mo,Mali,,
>TqkI;~I1r,DJ Moose,France,Paris,1991
NygLBsBD@B,DJ Morpheus & El Diablo,Belgique,,1981
du9[7=W96^,DJ Morpheus,Israël,Tel Aviv,1981
b}wg`|VFYu,DJ Mouss,France ,Paris,
ptahE\50A?,DJ Mpula,Portugal,Lisbonne,2007
15no?YX}<x,DJ Mujava,Afrique du Sud,,2002
^5167q4toQ,DJ Némo & Tao Pai Pai,France ,Rennes,
QD2m]hyP0:,DJ Netik & DJ Troubl',France ,Rennes,1997
y@OKx:]mcn,DJ Netik,France,Rennes,1997
CP0C4ihw7X,DJ Neva,France ,Rennes,
biigGyJ;BG,Djoloff,Sénégal,,
bhcgB3lv?W,DJ Oof,France,Paris,
0h2Xu_0`dG,Dj Orange,Russie,,
t~dsTW=G{F,DJ Ordoeuvre,France,Rennes,Début des années 2000
|\I7:I1]ew,DJ Pascal R,France,Paris,1981
owXa{nOGum,DJ Patife & Stamina MC,Brésil,São Paulo,
@LDy;ofEMG,DJ Patrick Pulsinger,Autriche,,
0a}NY7Q{DD,DJ Phantom & DJ Ride,France,Tours,
7~84eAFTK@,Dj Pirumov,Russie,,
rpzAn}2Kk\,DJ Prosper,France,,1996
^}w4a8:6b0,DJ Psyche,France,Rennes,2008
RFS~x_@P;j,DJ  Q,Royaume-Uni,Ecosse,
yLDYvrdF2o,DJ Recloose,Etats-Unis ,Detroit,
08[unE=0_L,DJ Ride,Portugal,,2002
ZawX}?^a2<,DJ Rockett,Royaume-Uni,Londres,
RI^[;bglPr,DJ Rodriguez,Italie,,
5ss^p\Z6zO,DJ Sambal,France,Rennes,2005
OVneJP2lO@,DJ Sandra,Russie,,
o35OHX@z3>,DJ Scissorkicks,Royaume-Uni,Buckinghamshire,
5DFm0u9yok,DJ Shadow,Etats-Unis,,1991
M6pS>UsXJ~,DJ Shakra,Etats-Unis,San Francisco,
hn~Ow?F2~5,DJ Sneak,Etats-Unis,Chicago,1992
G3j~cBW6Y;,Dj South Central,Royaume-Uni,Brighton,2006
Ji<G>Co[C<,DJ Spinna & Jigmastas,Etats-Unis,New-York,1980's
z^d`ZdD`r4,DJ Spooky,Etats-Unis ,New-York,1996
S^1@ydOYR5,DJ's ???? ????????,Russie,,
[a4_J<;Rn:,DJ Stix,Royaume-Uni,Londres,
ehQTgjo=Wj,DJ Tonka,Allemagne,,
WDN2Y~4Tmv,DJ Trevor Fung,Royaume-Uni,Londres,1982
o6:8w6dIpK,DJ Wave,Etats-Unis,,
A}BYI{YwO_,DJ Wild Child,Royaume-Uni,Londres,1994
JYWOl:fr<5,DJ Yoshinori Sunahara,Japon,,
ck[d`9s]Ff,DJ Zebra,France,Paris,1990
_Yi]}q|3P0,Doctor and the Medics,Royaume-Uni,Londres,1981
e^UKG:PNsA,Doctor L & The Explorers,Irlande ,,
y`U7JiJQup,Dogs,France,Rouen,1973
HnkYrrsbLc,DOIST!,France,,2010
Kg\0S:{\lb,Dolce Vita DJ's,Suisse,Lausanne,
l=6r>uoRX|,Dolce Vita,France,Paris,
qi@k[RLi3m,Doldrums,Canada,,2010
bRNl0nMc6A,Dole,Belgique,Athus,1981
?2e4}dI<5w,Dollkraut,Pays-Bas,Amsterdam,2007
mYR1^^ZMMb,Dominic Sonic & DJ Aï,France,Paris,1979
d1Ujx]0rkD,Dominic Sonic,France,Paris,1979
FCKGgywR82,Dominic Young Unique,Etats-Unis,,2008
SAerbfp:`9,Dominique Dalcan,France,Paris,
Wf3WyLHmOQ,Donalds,France,Paris,
|c4P{04`Mb,Donké,Mali,Bamako,
l{<>I=9qmZ,Donna Summer,Allemagne,Berlin,
xcSbFK9B|n,Don Rimini,France,Paris,1998
in5Rxm_f=L,Donso,Mali,,2004
glCVmHBjM<,Doo Rag,Etats-Unis,Tucson,1990
|:@dbfw4tu,Dorothy Masuka,Zimbabwé,Hararé,1950's
I1DAUcz~^t,Double Nelson,France,Nancy,
LtQVW:}lo_,Downtown Cuckoo,France ,Rennes,2007
cnFGuaO|cR,Dread Zeppelin,Etats-Unis,Graceland West,1989
\:uV:>l@}M,Dread Zone,Royaume-Uni,Londres,1993
F3WdRwBR7R,Dring Toy,France ,Rennes,
wV^}AU;{m`,Dr Israel,Etats-Unis,New-York,1993
8caH@iS\<O,Drive Blind,France,Nîmes,1990
6F>gfx~w]r,Dr Phibes & The House of Wax Equations,Royaume-Uni,Manchester,1990
Ka?Hv>;q\},Drugs,Etats-Unis ,Detroit,
3dHmPT|1z^,Drumattic Twins,Royaume-Uni,Lancaster,
6CwYRMp~A7,Dubitators & GSM,France ,Rennes,
jySN0`9tl>,Duels,Royaume-Uni,Leeds,
:QRRM@yquq,Dum Dum Boys,France,Nice,
Ub|99W}fxW,Dupain,France,Marseille,
>[@R`TWy@5,Dwight Trible & The Life Force Trio,Etats-Unis ,Los Angeles,
t1QfSsbM3m,Eagles Gift,France,Angers,2013
Z;otoX<rY],Earl Zinger,Royaume-Uni,Londres,
`8A@8hh9DL,Easy Star All-Stars,Etats-Unis ,New-York,1995
S1Hzni]Ii7,Eat My Beat Mr Lenski,Russie,,2008
ND]oeR^xid,Eat Your Toys,France,Rennes,2007
LYa:Oc_t\v,Ebony Bones,Royaume-Uni,Londres,2006
Cf;^i|zpbN,Edith Presley,France,Rennes,2012
oR8q`Go;_D,Edu-K,Brésil,,
8bhxdN2Hu;,Eeurop,France,Lorient,
]cTmD:IWru,Egyptian Hip Hop,Royaume-Uni,Manchester,2008
n}hrwvn_g^,Eiffel,France,Bordeaux,
=bt`81sR5S,Einstürzende Neubauten,Allemagne,Berlin,1980
@Saym2AobI,El Diablo,France,Réunion,
0zh|0VRj>M,Elektrotwist,Allemagne,,
2ND6L?Bzfv,Element of Crime,Allemagne,Berlin,1985
LL?L={ZUwV,Elephanz,France ,Nantes,2008
}K]~\<^X65,El Gran Silencio,Mexique ,Monterrey,1993
IkV0[_Dl]p,El Gringo,France,Rennes,
v>QW;Iw2wa,El Guincho,Espagne,,2006
TRwWGuC|Fe,Elli Medeiros,Uruguay,Paris,1976
VM7:ypq1cq,Elmer Food Beat,France,Nantes,1986
=4YmmgtcIj,El Pres!dente,Royaume-Uni,,
QhmfG|u\{A,El Vez,Mexique,Etats-Unis,1988
g2PyDML;?R,Emir Kusturica & The No Smoking Orchestra,Serbie,,
ShVp`lolgD,Emma,France,Rennes,1993
wHluQ|oV|2,End of Data,France,Rennes,1983
N4=\:{xlNB,Engineers,Royaume-Uni,,
}d2_[}R\M],Entre les Deux Fils Dénudés de la Dynamo,France,Rennes,1979
}YkMiCSsz2,Epic Rain,Islande,Reykjavik,2002
G8TTz`;g3@,Eric Borgo,Suisse,,1992
}_RcV~8V5t,Eric Débris AKA Dr. Mix,France,Paris,
uxGX9g?L`4,Erik Truffaz & Murcof - The Mexico Project,France,,
p3YTf_r2:9,Erol Alkan,Royaume-Uni,Londres,
1uT;yAdPqX,Escort,Etats-Unis,New-York,2006
_BH~D=gS0~,ESG,Etats-Unis ,New-York,
9dzJG7\8q[,Esser,Royaume-Uni,Londres,2006
EbL96\|juE,Étant Donnés & Thee Majesty,France,,
5N>YHOXNZl,Etha Dam,France,Montreuil,1998
x{;<gYncoQ,Ethadam,France,Paris,
>UKrOqqanK,Etienne Daho,France,Rennes,1980
i3g^jtX[lG,Etienne Daho Jr,France,Rennes,1980
t:OGM9T_tw,Etienne De Crécy Live (Superdiscount),France,,1993
[TiqCe{r[L,Euphoric Trapdoor Shoes,France,Laval,
^nts0[0l7Y,Eva Gardner,France,,
7o=C3Rt;dg,Evening Hymns,Canada,Toronto,2005
<o|yW5VuL0,Evening Legions,France,Rennes,1981
JZ2XDIeAp?,Evil 9 feat. Juice Aleem & Toastie Taylor,Royaume-Uni,Brighton,
Z;c~{x~ZBw,Excès de Zèle,France,Rennes,
an4;tu{}j},Expø,France,Rennes,2012
mKMlFDR@z6,EZ3kiel,France,Tours,
LWOexMQqry,Ezra Bang & The Hot Machine ,Etats-Unis,New-York,
:rZ4vcyu`u,Ezra,France,Angers,
R7RJkMuy3P,Facteur X,France,Rennes,1993
t\3n0Yng}?,Factory Floor,Royaume-Uni,Londres,2005
b?>Y^Y?pdi,Fakear,France,Caen,2010
2yI\SkI5~e,Fake Blood,Royaume-Uni,,2007
FA6GRYC\fg,Fancy,France,,Fin 1990's
?5vVlPb`cb,Fatale,France,Paris,
;a4@T9\L@A,Fatboy Slim,Royaume-Uni,Brighton,1981
x93xQy3ZaB,Fat Supper,France,,2010
Pt@kq?i2rn,Fat Truckers,Royaume-Uni,Sheffield,
t9gNK_HC^L,Faudel,France ,Mantes-la-Jolie,1990
Gr8m^oZn<;,Fauna featuring Tremor,Argentine,,2003
gx_3]wsr?e,Faust,Allemagne ,Wumme,1971
8KjYPxb095,Fawl,France,Dinan,2010
RSvy`mZ0|<,Faze Action,Royaume-Uni,Londres,
Ze@:]<Jwk3,F.E.M.,France,Rennes,2011
Q925NRX7J`,Femi Anikulapo Kuti & The Positive Force,Nigéria ,Lagos,1978
Ct4l@TKn=0,Femmouzes T.,Brésil,,1990
Wua]g3w6wl,Fermin Muguruza,Espagne ,,
V1FcngnBDd,Fever Ray,Suède,Stockholm,2008
43QYdB?wn9,FFF,France,Paris,1987
Y55HxGk0i`,Filewile,Suisse,Berne,2003
Dmh2B{UNDN,Filip Dean Junior,France,,2006
NA]nP5UTzc,Filthy Dukes,Royaume-Uni,Londres,2005
qxU{f[bD5`,First Lady,France,,2011
k^bCv[cC]V,Fischerspooner,Etats-Unis ,New-York,
TSa?<}X6ih,Fishbone,Etats-Unis,Los Angeles,1979
CYXg^OnGP_,Fitness,Etats-Unis,New-York,2014 / 2008 avec le groupe Mr Dream
{cUqnVjss4,Five Deez,Etats-Unis ,Cincinnati,
\K:J?vHG@T,Fixed Up,France,Le Havre,
UK`ciFYe4X,Flamingos,France,Nantes,
\gEnRM2K`g,Flammable Beats,Russie,,
Jud<YuQqJ\,Flat Duo Jets,Etats-Unis,Carrboro,1983
0Y^:6`8J1{,Fleshquartet,Suède,Stockholm,1983
S3~nn]lFUp,Flore,France,Lyon,
9J`O1^uRuj,Florian,France,Rennes,
OT`D:Vk[=6,Florian Mona,France ,Rennes,2006
X8Da6f[ppn,Florian Mona & Son Caravane Sofa Tour,France ,Rennes,2006
lr5veLKA_h,Fluke,Royaume-Uni,Beaconsfield,1988
|R_M7Fu6v2,Flying Lotus,Etats-Unis ,Winnetka,2005
XbD6?wyR}X,FM Belfast,Islande,Reykjavik,2005
9Ac988H^]Y,Foo Fighters,Etats-Unis,Seattle,1995
{MKR_aliQ:,Foreign Affair,Israël,Tel Aviv,
w\jX?X=zTE,Foreign Beggars,Royaume-Uni,Londres,2002
G7a^Ir1}A>,Forest Hillbillies,Royaume-Uni,,
zk_fy;Kure,Forever Pavot,France,Paris,2011
I{4Ceux2:e,Forguette Mi Notte,France,Tours,1987
O3SXdKyi7_,Fracture,France,Rennes,1977
_LANebi0<J,Fragments,France,Rennes,2012
vA0ChL;cGo,Frakture,France,Rennes,1977
]MR_~AyO>D,Framix,France,Nantes,
VJu|F\^RP>,France - Angleterre,France,Rouen,1980
YkTTPahRE|,Franck II Louise,France,,
7bTgqCDOTf,Françoise Guimbert,France,Réunion,
^WS56=@YK9,François Merville Quintet,France,,
lEeoWBD|^f,Frànçois & The Atlas Mountains,France,Saintes,2005
>ecIYvCGs:,Françoiz Breut,France,Cherbourg,
qEiWVgaVh{,Frankie Bones,Etats-Unis,New-York,1985
]atX}4SQq4,Frank McWeeny,France,,2011
T2|6>j`BLS,Freddy Fresh,Etats-Unis ,Saint Paul,
iOHUl{I7CO,Fred Fatigueros,France,Rouen,
JA>\:F;ewr,Freestylers (feat. MC Navigator & Tenor Fly),Royaume-Uni,Londres,1996
|LNa<u>bfl,French Cowboy,France,Nantes,2006
jDu5Ne`Pdi,French Fries,France,,2007
Zggl>G<]h_,French Lovers,France,Aix-en-Provence,
49TWsF5uRY,Friend Within,Royaume-Uni,Liverpool,2012
<1;s=^DrPQ,Frikstailers,Argentine,,2009
@]5pfU|<FN,Front 242,Belgique,Bruxelles,1980
Jr?X>DflEV,Fuckin' Hell Orkestar,France,Rennes,2009
u>[9XKCDAA,Fuel Fandango,Espagne,Cordoue,2008
Jx>A`|]g6L,Fuel feat.Tipper & Freq Nasty,Royaume-Uni,Londres,
lq[3?s9aXo,Fujiya & Miyagi,Royaume-Uni,Brighton,2000
^8ka5g<U~z,Fukkk Offf,Allemagne,,2006
?jX@4O}PMS,Fumaça Preta,Pays-Bas,Amsterdam,2011
}LdKH7rPkr,Fumiya Tanaka,Japon,Tokyo,Début 1990's
;4[]2veFuX,Fun-Da-Mental,Royaume-Uni,,1991
@tYtl28^uj,Funeral Party,Etats-Unis,Los Angeles,2007
Kgm~yEHhai,Funkage,France ,Rennes,
aKj718_cTC,Funk Fu,France,Rennes,
<w`iuK}?r0,Funky Karma,France,,Début 1990's
a[VVf[j<kV,Furs,France,Vannes,2006
v|<6[V0k}=,Fuzeta,France,Vannes,2014
Z84I\agG0\,Fyfe,Royaume-Uni,Manchester,2012 / 2009 sous le nom de David's Lyre / 2007 sous le nom de Paul Dixon
|SA5M|Q`GX,GaBLé,France,Caen,2004
N`cOI4ZmEh,Gaëtan Roussel,France,,
@F>1Ah9o2c,Gaggle,Royaume-Uni,Londres,
fLqJU:l9bu,Galactic feat.Chali 2na (Jurassic5), Lyrics Born (Quannum) & Boots Riley (The Coup),,
n|lc8lmMq[,Galaxie,Canada ,Montréal,2001
xvbTndcVQj,Galliano,Royaume-Uni,Londres,1987
>:]_<\j7UU,Gallon Drunk,Royaume-Uni,Londres,1990
yDaUElFT_N,Gamine,France,Bordeaux,1980
oL;JDDGeda,Gandi Lake,France,Caen,2013
iBDM;Q;1F{,Gang Do Electro,Brésil,Bélem,2008
ynZi8^@[8h,Gang Of Four,Royaume-Uni,Leeds,
V@K0jn8Z3L,Gang Starr,Etats-Unis ,Santa Ana,
w|7]tkYeJS,Garbage,Etats-Unis,Madison,1994
{k@V?5T:hP,Garbo,France,Rennes,2009
C|Gp{nSNI2,Garciaphone,France,Clermond-Ferrand,2007
E~9Lvk:r_o,Gary Clail On U Sound System,Royaume-Uni,Bristol,
bP6:R1zqh|,Gary Clail On U Sound System & The Full Nine Yards,Royaume-Uni,Bristol,
e1hbkyHfT2,Gaye Bykers on Acid,Royaume-Uni,Leicester,1984
jHFcsiSGMI,Gemini,Etats-Unis,Chicago,
V8jsw7nF|7,Général Alcazar,France,Sète,
`6v7LZ=o4Z,General D,Portugal,Lisbonne,
3b]1AD]\IX,Georgie Fame and the Blue Flames,Royaume-Uni,Londres,1959
Czk~YbIa~S,Get A Room !,France,,2009
qCsLDKJmrx,Getatchew Mekuria & The Ex ,Ethiopie,,1947
\;r7>\vV[x,Get Your Gun,Danemark,,2008
MBY7ki<mPO,GG Project,France ,Rennes,
@~n<{dPSYN,Ghinzu,Belgique,,
FdeNOA4R\],Ghostpoet,Royaume-Uni,Londres,2009
Ru~ub~r_3=,Giana Factory,Danemark,,2007
G\46y;v]VM,Gildas & Masaya,France,,2001
jZYX:k5Hl:,Gilles Le Guen,France,,2000
@}SYfm\:L=,Ginger Ale,France,Paris,
P_8AWcsS>b,Gipsy Kings,France,Montpellier,1982
jpTUStqPr7,Girls Against Boys,Etats-Unis,Washington DC,1988
:o|QHePw<m,Girl Talk,Etats-Unis,Pittsburgh,2000
mm@CbUW5{q,Gloria Dave,France,Paris,2000
T^KyWu6?th,Gnawa Diffusion,France ,Grenoble,1992
7h[]K@4hX5,Godspeed You! Black Emperor ,Canada,Montréal,1994
t4t=Q9o\x2,Gold Chains,Etats-Unis ,San Francisco,
[?w]DS7L~B,Golden Teacher,Ecosse,Glasgow,2012
y{@<H[\AFg,Goldfrapp,Royaume-Uni,Bath,
v}M1Y0qxj~,Goldie Lookin' Chain,Royaume-Uni,Newport,
Rqfhi}8OhI,Goldwave,France,Caen,2008
]VdO67aKA3,Gomina,France,Caen,2010
`tVLVSq4?w,Gomm,France,Lille,1998
CmrqI`r6n[,Gong Gong,France,Nantes,
j]sTCMVekE,Gonjasufi,Etats-Unis,,2008
xN1Ieql<~\,Goober & The Peas,Etats-Unis,Detroit,Début 1990's
dU`UY}hU>;,Gooseflesh,Turquie,Istambul,
H{[JIML}mN,Goran Gora,Lettonie,,2005
eHY\MzyFGD,Gotan Project,France,,1999
VBJ=uEHtdZ,Grand Blanc,France,Metz,2011
3W}0I}0@y2,Grand Magasin,France,Paris,1982
|]@CPxyIW^,Grand Popo Football Club,France,,
y}VU]5Z9tg,Grant Lee Buffalo,Etats-Unis,Los Angeles,1992
aGIcA@XDQ~,Green Vaughan,France,Lille,2008
=dgpVGN=og,Green Velvet,Etats-Unis,Chicago,1993
{HRz@T\nmm,Greg Brown,Etats-Unis,Fairfield,1967
hjA2p3ExI_,Greg Dread,Royaume-Uni,Londres,
yoPV1v1[^_,Groove Armada,Royaume-Uni,Londres,
WvL4AA>so:,Groove Control,France,,
]=gsRf``zy,Groove Terminator,Australie,,
>gFJ7:7gQo,Group Rhoda,Etats-Unis,San Francisco,2009
I@~pG{p_FO,Guadalupe Plata,Espagne,,2006
_XZ3rcvy@c,Gunners,France,Rennes,
ZO6Cki>m|{,Guns'n'Bombs,Etats-Unis ,Los Angeles,2006
4yCfr1^plk,Guns Of Brixton,France,Caen,2003
FUh?kVY:u<,Guru's Jazzmatazz (feat. Herbie Hancock, Angie Stone & Bilal),,
>tS{`90hM3,Güz II,France,Rennes,2008
TB?XRXIXu:,Gwenfol feat Yann-Fãnch Kemener,France ,,
w^6dSaB<85,Haight-Ashbury,Royaume-Uni,Glasgow,2007
jzz|s0Bl0z,Hako,France,,2007
xX9hK|nU0d,Hall 21,France,Dinan,2006
kkFZ`S8D@8,Hamlet / Thèmes et Variations,France,,2004
ISUhM?;wf`,Hang Left Devil,France ,Rennes,
IYyr1wYyH7,Hangmas,Hongrie,Budapest,2002
vUjKyq;QCT,Hanni El Khatib,Etats-Unis,Los Angeles,2008
57Qr0vT=aW,Hanuman Care Kit,France ,Lille,1995
FgaHgTzHwR,Happy Drivers,France,Angers,1985
MK2wSx\5]F,Happy End,Royaume-Uni,,1983
U^S>n2>qAe,Har Mar Superstar,Etats-Unis,New-York,2000 / 1996 sous le pseudonyme Sean Na Na / 1995 avec le groupe Calvin Krime
iw?eYmVNvD,Havana 3 A.M.,Royaume-Uni,Londres,1986
so5MAbq?DB,Hayseed Dixie,Etats-Unis ,Deer Lick Holler,
vuvbblCbFX,HB2,France ,Nantes,
AlVnA^Bh46,Headrillaz,Royaume-Uni,Londres,1994
SPho{hqxci,Head,Royaume-Uni,Bristol,1987
>JDUpy?>\v,Heera,Inde,Londres,1979
CHe^OSGY=p,Hello Bye Bye,France,,2008
feDIg6@t`O,Hem's,France ,Metz,1993
QNprk]ehhK,Herman Düne,France,Paris,
79u05RsIEk,Hermine,France,Paris,1976
BR1Xu?DfIV,Hifana,Japon,,1998
b^o4vRaq8b,High Tone,France ,Lyon,1997
e>YqXFn2{Y,Hip Drop,France ,Rennes,
:^Tthy=?2r,Hip-J,France ,Rennes,
j=2fYVw]4s,HMC,Australie,Adelaïde,
fvcTtJ0q>E,Hocus Pocus,France,,
<y559vdYG[,Hola a Todo El Mundo,Espagne,Madrid,2006
C|9Hm<k37_,Hollie Cook,Royaume-Uni,Londres,2008
iIJ<~v|J>3,Holloys,Etats-Unis,Los Angeles,2005
o[<~PUa3<Y,Homelife,Royaume-Uni,Manchester,
]l?kqedcFX,Hometown Dj Posse,France,,
lIN8=_<w:d,Hook & The Twin,Royaume-Uni,Londres,2009
55lTMzsV}T,Horse Meat Disco,Royaume-Uni,,2003
ABSUF6Q2H;,Hospital Ships,Etats-Unis,Lawrence,2007
nIoeQYF=Pv,Hot Chip,Royaume-Uni,Londres,
P15jjEQq@G,Hôtel du Nord,France,Rennes,
krLLecihLP,Hot Panda,Canada,Vancouver,2006
\NxjNEiWvK,House Breaker,France,Rennes,
}G7L6HDOxw,House Of Love,Royaume-Uni,Londres,1986
Nvy4:aoiMw,Howard Hughes & The Western Approaches,Royaume-Uni,Londres,
p\qKU]Mq|O,Howlin' Wilf and the Vee Jays,Royaume-Uni,Colchester,
<[Cl\8@jnN,How We Tried,France,,2011
~Y1c7g`=q|,Hugo Largo,Etats-Unis,New-York,1984
>\G9gsS|v^,Human F.E.A.X,France ,Rennes,2005
Ya@;_>7_bJ,Human Spirit,France,Paris,1986
:]b^z]gNOf,Huoratron,Finlande,Helsinki,2002
Yp=yDwx_B],Hushpuppies,France,Perpignan,
D[dP>B0J8v,Hutchinson,France,Nantes,
@PDsF;XKQU,Hyper,Royaume-Uni,Oxford,
W4kFRa[jxB,I.A.M.,France,Marseille,1989
_ILus\HdT6,Ibibio Sound Machine,Royaume-Uni,Londres,2013
lM[]h>}wu1,I Come From Pop,France,,2008
2Dy1Lh]::H,If,France,,1994
FS4rqT^?gV,Iglu & Hartly,Etats-Unis ,Echo Park,2007
Ly^`ddPm6c,IIIStM,France,,2007
t?Y|41z]6e,Ikara Colt,Royaume-Uni,Londres,
5bWk|K>EM[,Ilana (P.O.F.),France,,
Ms18sxva_L,Il Etait Une Fois A L'Ouest,France ,Rennes,
2{@6XYFfs_,Imam Baildi,Grèce,Athènes,2005
bzgIElAz\m,I Me Mine,France,Toulouse,2011
|<3LA}@v@B,I'm Fresh! You're Pretty!,France ,Angers,
L28tNq7Omx,I'm From Barcelona,Suède,,2005
f0uzCk^O`X,Imperial 35,France ,Rennes,
|qhvH3VDw:,Implosion III,France,Rennes,
jVym5}i2CQ,Improvisators Dub,France ,Bordeaux,1994
E;YD:Hbq8;,Impulsion feat. Issakidis,France,Paris,
Am@M^a0Bb[,Impulsion,France,,
S5`eu}gpGJ,Im Takt,France,Brest,2009
er]ic[S~?l,Inc,France,Nice,
w=I1uOFhb6,Indian Ropeman,Royaume-Uni,Brighton,
{_=G>fL|6E,Indigo Moss,Royaume-Uni,Londres,2003
:NZh5[;T;i,I N Fused,France,Montpellier,
i}@fFT@T7l,Insane Clown Posse,Etats-Unis,Detroit,1988
;o<]\Iteyn,Intokable,France,,
kA[MoTZQ9t,Invisible Pair of Hands,Royaume-Uni,Bristol,
I5>4IJwB5_,Invisibl Skratch Picklz feat. Q Bert, D-Styles,,
7^wr5?Frie,In Vivo,France,,
qN=7v=nwU5,Ipso Facto,Royaume-Uni,Londres,
Uh^:jq]VN],Isbells,Belgique,,2008
O43:80UHh[,Islam Chipsy,Egypte,Le Caire,2009 avec 2 batteurs / 2006 en solo
5KL=sKAYaS,ISP,Serbie ,Belgrade,1976
izuV}dh6Uf,Is Tropical,Royaume-Uni,Londres,2009
S6hggvMKMK,Itäväylä,Finlande,,
2HP?V?;~bt,Iva G. Moskovich,Royaume-Uni,Deptford,2013 / 2012 sous le nom Drop Out Venus
dKMMl93b{^,Ivamain,France,,
DE5Hdcj>J5,I Was There,France,Paris,2005
5R:aQ3xoQT,Izabo,Israël,,
PSk5NA[c>k,Iz,Chine,Pékin,2002
Crkw^ikFOw,Izit,Royaume-Uni,Londres,
MxocO];>9Y,Jack O'Lanternes,France,Rennes,1993
IGwkl8yqTV,Jackson And His Computer Band,France,,
{R_mDJ;j3N,Jacuzzi Boys,Etats-Unis,,2007
kdvvFz4M\~,Jadell,Royaume-Uni,Londres,
7vzY`=k]_E,Jad Wio,France,Paris,1983
0~9kiDdOX\,Jaga Jazzist,Norvège,,
jawJcNOPqc,Jah Shaka's Sound System,Royaume-Uni,Londres,Milieu 1970's
>p<aiztH^a,Jaka Dit Jay & Cyril Man                                                     ,France ,Rennes,
1}K9u[ls=m,Jambinai,Corée du Sud,Séoul,2009
oZpWVq][Pf,James Bond,France,Rennes,1980
G`yR{CV{{;,James Hall,Etats-Unis,Atlanta,1987
Id4G_QivOe,James Lavelle,Royaume-Uni,Londres,1989
A3?G`B^oGl,James,Royaume-Uni,Manchester,1981
5q1jQqhxo9,James Taylor Quartet,Royaume-Uni,Rochester,1985
v:skMnkZ5C,James Unk,France,Rennes,2006
2z25UcEx~3,Jamie Woon,Royaume-Uni,Londres,2004
O3^>MI^M|m,Jamika,Royaume-Uni,Londres,1999
7nm{>3?8[A,Jamiroquai,Royaume-Uni,Londres,1992
ILIRF5xKu0,Janelle Monae,Etats-Unis,Kansas City,2004
Z<lxkrF?5M,Janice Graham Band,Royaume-Uni,Manchester,2008
w0Xr\S8e1C,Janski Beeeats,France,,2007
1>7d=QSr8U,Jaojoby,Madagascar,,
s0cH1<L7Y\,Jaylib (feat. Madlib, Peanut Butter Wolf & Medaphoar),,
5_|i3Fh:=u,Jayne Cortez & The Firespitters,Etats-Unis,New-York,
SGBT[9:JG5,Jay Reatard ,Etats-Unis ,Memphis,2005
Z=uIpxvvMo,J.C. Satan,France,Bordeaux,2008
49yZ1I`Orh,Jean Louis 2000,France,Tours,
W_ok^hvL\U,Jean-Louis Murat,France,,Fin 1970's
Y>A6X0Wjb>,Jeanne Added,France,Paris,2011 en solo / 2002 avec différentes formations
my9[v>9sJ6,Jeff Mills,Etats-Unis,Detroit,1989
~@38gesUbT,Jeffrey Lee Pierce,Etats-Unis,Los Angeles,1978
87URZ{xhH2,Jérôme Minière,France,Orléans,
cJKH:~zi8R,Jérôme Soligny,France,Le Havre,
caEt{Ee\>2,Jessie Evans,Etats-Unis,,
MLF9`s[eO7,Jesus Christ Fashion Barbe,France,Caen,2009
oHF7NOg?MH,Jimmy Jay présente Cool Session 2 &  Sleo,France,Paris,
^LI0|@6d~o,Jimmy Luxury & The Tommy Rome Orchestra,Etats-Unis ,New-York,
;dU_oYqh=I,Jimmy Oihid,Algérie,Blida,
^_1ZP2SV|K,Jim Rose Circus Sideshow,Etats-Unis,Seattle,1990
o}Xp^4Vb}e,J-Live,Etats-Unis ,New-York,
wbXdaQU9tZ,Joakim,France,,
]P|[30FzkP,Joe King Carrasco & The Crowns,Etats-Unis,Dumas,Fin 1960's
q`nKER`A\6,Joel Drouin & Little Bob,France,Rouen,1981
4TLUl_[G<{,Johan Asherton,France,Paris,
FeNx[;EloV,John & Jehn,France,,2005
ojXP1HLub>,Johnny Dowd,Etats-Unis,New-York,1981
NtY^UB_lR},Jo Kaiat (feat. Cheik Fatamady Kone & Ousmane Keita),France,,
4<A@}wW=k6,Jon Carter,Royaume-Uni,Londres,
[?YkGq0Jf?,Jori Hulkkonen,Finlande,,1992
@iy~S>4\4},Joris Delacroix,France,Montpellier,2008
\8sSfc\{M<,José Padilla,Espagne,Ibiza,1975
mS8XJPp4Bs,Jo Sevilor et ses Royal Cônes,France,Guingamp,1982
aCm\AObyMO,Josh Martinez,Canada,,
B_4ScoGXQB,Josh Wink,Etats-Unis,Philadelphie,1992
]ALrx:E{2[,Joyce Muniz,Brésil,Vienne,1999
qBjSYuNd3g,Joy Squander,France,Laval,2013
Yr?K6sjOz},Juana Molina,Argentine,,1988
p;Pkbl7hA3,Juan Atkins,Etats-Unis,Detroit,1981
b}t~{vhOEd,Juan Rozoff,France,,
>[X<]7sre0,Juan Trip,France,Paris,
shCW4jO{1|,Julian Jeweil,France,,2006
59N=\Tt1Q@,Julien Lourau Groove Gang,France,,1993
M32ln;Sn7D,Julien Tiné,France,,2007
|opq`Kvj\:,Juliette & The Licks,Etats-Unis ,Los Angeles,
4CECfKM0y{,Jungle Brothers,Etats-Unis ,New-York,
PX3@bP\D^k,Jungle By Night,Pays-Bas,Amsterdam,2010
:A\zZGQ>KG,Jungle Hala,France,,1993
fj0x~s^mw3,Jungle Posse Feat. DJ Ron vs. MC Five O & DJ Noodles,Royaume-Uni ,Londres,
yVB}kFKqe4,Jungle,Royaume-Uni,Londres,2013
4`ap?wob?m,Jupiter,France,,2008
ydXm6jO:i8,Juryman V Spacer,Royaume-Uni,,
HrH=_]kmd8,Justice ,France,Paris,2003
FJ\[yhb4S7,Justice,France,Rennes,
@4S\:hNt@w,Justin Robertson,Royaume-Uni,Manchester,1991
EmE8G@:|Y},Juveniles - DJ Set,France,Rennes,2011
fcyi{u7|V4,Juveniles,France,Rennes,2011
_qCE?2wYWX,Käfig Brasil,France,Créteil,1996
Rc>j\8jq@O,Kaiser Chiefs,Royaume-Uni,Leeds,2003
L1Ct8zH<sY,Kaizers Orchestra,Norvège,,
dqU?xIG^An,Ka Jazz,France ,Rennes,2008
`EHPM0u|9Q,Kakal Band,France,Bordeaux,1985
J^o{[{JeV|,Kakkmaddafakka,Norvège,Bergen,2004
uPySfI@??y,Kalashnikov,France,Rennes,1979
~Ak4O}8aih,Kalibre 33,France ,Tours,
pa0WlYcm;q,Kampec Dolores,Hongrie,Budapest,1984
3U98dzV\qA,Kanjar'oc,France,Marseille,1989
32}<4Z\:`K,Kaolin,France,,
`X3}WBEO?D,Kasabian,Royaume-Uni,Leicester,
h>J8a7A9dG,Kas Product,France,Nancy,
[s2Fc8zM|4,Kate Nash,Royaume-Uni,Londres,2006
OeWYdbKd}k,Katerine,France,,1991
vJIBptZKcS,Kate Tempest,Royaume-Uni,Londres,2003 sur des scènes ouvertes / 2008 avec le groupe Sound of Rum
Ee`v[_:{b;,Kcongo's Gruv,France,Rennes,
nUnux:X:}L,Kdd,France,Toulouse,1996
f1lS~zc1wX,Ken Ishii,Japon,Tokyo,Début 1990's
`ud\[rApU4,Kenobi,France,Rennes,
KAy0pny4o|,Kent,France,Lyon,1982
sir5x:G9ZL,Keny Arkana ,France,Marseille,1996
BVoXSO@oz1,Keziah Jones,Royaume-Uni,Londres,1991
JxnYC7dgO7,Khan & Julee Cruise,Allemagne,Berlin,
H{c:zq:3kn,Khao,Royaume-Uni,,
[eh0rRUPh9,Kickback,France,Paris,1991
O1~WHou[PN,Kid Frost,Etats-Unis,Los Angeles,1982
q5o}dDAX7o,Kid Karate,Irlande,,2010
XX5rbqY|UL,Kid Koala,Canada ,Montréal,
oY6yIL\G?A,Kill The Young,Royaume-Uni,Manchester,
m`N7WInmuJ,Kim Novak,France,Caen,2005
>Ee_9QUmAD,King Cobb Steelie,Canada ,Toronto,1991
1O;yS?5hHK,Kings Have Long Arms,Royaume-Uni,Sheffield,
W1TH}]mV]6,Kinky,Mexique,Monterrey,
zjR942qVZI,Kissing Bandits,Royaume-Uni,Glasgow,
n1~r_lYbPf,Klaxons,Royaume-Uni,Londres,2005
<_Ube}s}N=,Kni Crik,France,Paris,1984
vGDk:Cu_GZ,Kohann,France,,
7P{LFSSi7@,Kölsch,Danemark,,1995
XO[sPg[}Zy,Konstantin Sibold,Allemagne,,2ème moitié des années 2000
F_oBX48tD[,Kosme,France,Lyon,Fin des années 90
eoj^v>o;n7,Kosmo Pilot,France,Saint-Malo,2009
tFNR?CcXM0,Koukou Maman,France,Rennes,
3=WAw0QwfI,Kraftwerk,Allemagne,Düsseldorf,
Z3t~g}P0y[,Krafty Kuts & A.Skillz,Royaume-Uni,Brighton,
yZNSzoK[n0,Krash Slaughta,Royaume-Uni,Londres,
tulBvEr911,Kruder & Dorfmeister,Autriche,,1993
\WGVec7mwU,Kudu,Etats-Unis ,New-York,
6gYF2SS]8A,Kula Shaker,Royaume-Uni,Londres,1995
_z2265ANh_,Kurtis Mantronik,Etats-Unis,Houston,1984
Q8HJg:UzBL,Kwal,France,Angers,
VULV}>;lfF,Kwatsu,France,Rennes,
lT1`]@rf2`,Kwes,Royaume-Uni,Londres,2005
mm?6n[]p7J,Kyu,France ,Angers,1996
:9gOh^e}?o,L7,Etats-Unis,Los Angeles,1985
c1JR}D1QSb,Labelle,France,Rennes,1999
r?SMOCRScL,La Busqueda,Espagne,Majorque,1985
UGyDn3TJ:<,La Caution,France,Noisy le Sec,
h<Ymq=SOnB,La Corda,France,Rennes,2005
JG=b38U:`L,Lady B,France,Cannes,1989
L1QFL8@@1F,Lady Jane,France,Rennes,1996
8tXeSKy4n_,Lady Late,France,Rennes,2006
LP2Dw\J?\~,La Fine Equipe,France,Marseille,2004
ZhhU:D_\_|,La Fundaciòn,Espagne,Madrid,
xg>fGBxbc1,La Funk Mob,France,Paris,1991
sYQ\8<}j5s,La Gale,Suisse,,2006
;hg6{udW[g,Laibach,Slovénie,Ljubljana,1980
O<vBO0|]Wr,Lama Gyourme & Jean-Philippe Rykiel,Bhoutan,,
HaEVrP~XI5,La Mano Negra,France,Paris,1987
aoWqvvWYGx,La Muerte,Belgique,Bruxelles,1984
6W4~ZPiRfM,La Mverte,France,Paris,2013
:z<g]3bksk,La Place,France,,
\BzVSAyfkJ,L'Aquarium,France,Paris,
>iL1>k3ivI,Larry Gus,Grèce,,2006
=?~yQD~\4Z,Lars Horntveth,Norvège,Oslo,
ao:^Hs8Big,Lars & The Hands Of Light,Danemark ,Copenhague,2009
OPI=wCs2{W,La Rumeur,France,Elancourt,
?2t6@88gjd,La Terre Tremble !!!,France ,Rennes,
qnYu{b]ftn,La Tordue,France,Paris,1989
DI?dN[gPj3,Laurent Garnier,France,Paris,1991
RFIb=ldBD;,Laurent Warin,France,Paris,
yCMCD3ve6m,La Yegros,Argentine,,2008 /1995 au sein de De La Guarda
bwPcY>JNRO,LCD Soundsystem,Etats-Unis ,New-York,
cVxCD{I766,Le Bal à Jo,France,Rennes,
r\BdrDH@D},L'Echo Raleur,France,Paris,
:HAB;Ut\d[,L'Ecole du Crime,France,Bordeaux,
fQ9RrORpG1,Le Corps Mince de Françoise,Finlande,,2006
w6@4B<k}Vr,Le Couple Aveugle du Mali,Mali,Bamako,1980
>mmHZ\^2tt,Le Cri de la Mouche,France,Paris,
F3Qr0<Qpcx,Leela James,Etats-Unis ,New-York,
nIRLmSoEXx,Lefto & ID,Belgique,Bruxelles,
6h_eI9H7=R,Lefto & Illtaktikz,Belgique,,
pPlBXBLDS1,Le Hammond Inferno,Allemagne,,
aSp6uXo{}z,Leila,Royaume-Uni,Londres,
HR@>l[|fli,Le Mur,France,Strasbourg,
q4ZiYa<|va,Lena Deluxe,France,Lille,2004
iVh2w|X58@,Lenny Kravitz,Etats-Unis,New-York,1989
5D6:a]lg|Q,Leonie Pernet,France,Paris,2013
3PLMGSI0:E,Leon Jean Marie,Royaume-Uni,Londres,2006
s8y0wx2|5:,Leon Redbone,Etats-Unis,New-York,Début 1970's
Apxh4e6]`g,Le Peuple de L'Herbe,France,Lyon,
m}=aHxb]24,Le Pneumatiq,République Tchèque,,2006
hGF@g8ixa6,Les Associés Crew,France,Bordeaux,2006
yf`Wqyek10,Les Avions,France,Paris,1980
Zc@NSOiu;v,Les Bandits,France,Nice,1981
aNYqI89j_1,Les Beaux Ténébreux,France,Rennes,
4c~G^w@NxJ,Les Cacahuètes Hurlantes,France,Chinon,
kOnrSn0\w[,Les Casse Pieds,France,Paris,1987
JeRQff7t\U,Les Champêtres de Joie,France,Paris,
8]_fIA>jwx,Les Civils,France,Paris,
\Lm={{q:2s,Les Conquérants,France,Rennes,1983
Q=bmE`MQG},Les Coquines,France,Paris,
n9Fr:658Nf,Les David Vincent,France,Troyes,
b>?@5r^i{],Les Déesses Africaines,France ,Rennes,1995
AfR[Ic2\?s,Les Enfants Terribles,France,Tours,1985
U];6=ZdXc2,Les Flics,France,Rouen,
;3I8g3yGr2,Les Frères Morvan,France ,Botcol,1958
VFPz;[oWGk,Les Gordon,France,Rennes,2011
4lfXZDXiB},Les Goulues,France,Rennes,
qKB8j@I5dA,Les Loups,France,,
z[TL]9VAW@,Les Maîtres Du Bèlè,France,Martinique,
Mu;ZI56s[`,Les Malades,France,Lille,1982
MLzpVQhab3,Les Maracas,France,Montpellier,
y42bgSE<Rn,Les Nains de Jardin,France,Rennes,Début 1990's
aGgBllSA3P,Les Naufragés,France,Montpellier,1986
<9S~OL{^]M,Les Négresses Vertes,France,Paris,1987
O|o:HgrRAT,Les Nouveaux Nés,France ,Rennes,1997
kphIx:VX?J,Les Nubians,France,Bordeaux,
@>Ib^rVO>x,Les Nus,France,Rennes,1980
ZXDNg>7BiM,Les Ours du Scorff,France,,
a8=vY_N}fQ,Les Parasites,France,Paris,
SsFzI1\yyY,Les Pires,France,,
MD[WwP:ZHO,Les Plaies,France,Rennes,
kBeF4UrkOS,Les Princes de l'Islam,France,Rennes,
q2mY<t|JAZ,Les Rabza,France ,Rennes,1995
UCh7;o0leX,Les Respectables,France,Rennes,
q7bWj0cac`,Les Rois Fainéants,France,Paris,1981
Z5i^}MIk\{,Les Rythmes Digitales,Royaume-Uni,,
Q\e3b9B9Y>,Les Satellites,France,Paris,1985
DS]R;]p<:K,Les Scoubidous,France,,
D9y;k?Zhvc,Les Skippies,France,Rennes,1990
_oY9kVANy=,Les Soucoupes Violentes,France,Paris,1982
M}@giL6KEb,Les Spadassins,France,Rennes,2010
?zaaFAi^^5,Les Surgelés,France,,
qFxdh7SPKJ,Les Tétines Noires,France,Réville,1985
jk9Z1c9;ne,Les Tontons Flingueurs,France,Paris,
^a\vL5ze@u,Les Vedettes,Belgique,,2006
hRWzIRB1~n,Les Visiteurs du Soir,France,Marseille,
tvVtf=E]gd,Les V.R.P.,France,Paris,1988
~A?IOE3>u3,Le Tone,France,Paris,
:v;`ST1{@K,Le Train Fantôme,France,Rennes,1977
NuS3>7IV[8,Le Vasco,France,,2012 / 2009 sous le nom de groupe Flapjack
|<|^bA>8`h,Lewis Floyd Henry,Royaume-Uni,Londres,2007
zY{8;J~=Cy,Le Zooo,France,Rennes,2014
[YrXEno]ZD,Lianne La Havas,Royaume-Uni,Londres,2010
zsj<nN5VM0,Licornia,France,Bordeaux,2007
M5TA<keTZZ,Lighthouse,France,Rennes,
^Z8qD0:mG7,Lila Downs,Mexique,,
nALP}CNmb0,Lilea Narrative,France,,2003
{L`>:Ocbp@,Liliput,Suisse,Zurich,1978
YC=`;Sa2PW,Link Wray,Etats-Unis,Washington DC,
QnJ_I8@i{e,Lionrock,Royaume-Uni,Londres,1991
ETt09|MLnE,Lipelis,Russie,,
kD{PH|<nyG,Lispector,France,,1996
b;:G1PbxoV,Litfiba,Italie,Florence,1980
dU9v<zz{^f,Little Annie,Etats-Unis,New-York,1977
U2j6?VpD6],Little Axe,Etats-Unis,Artford,
i7]NB7d^\j,Little J & Le Pm,France,Rennes,
mqR\CSm^z6,Little Trouble Kids,Belgique,Gand,2010
hp@wa<mOAS,Live Human,Etats-Unis ,San Francisco,
Xl|49MD^\2,Liza 'N' Eliaz ,Belgique,Ostende,
K?Y7DJJ1k?,Lizzo,Etats-Unis,Houston,2010
7fZ|X[sWOE,Lobotom Cast,France,Nice,
Br9AvdDbR^,Lofofora,France,Paris,1989
4C\WZ762zv,Lol Coxhill,Royaume-Uni,Portsmouth,1947
=744[XChTi,Lolito,France,,2009
QM<<i\:==P,L'Ombre Jaune,France,Rennes,1982
QLwyh4ZE3L,London Elektricity,Royaume-Uni,Londres,
3p?gHuX40r,London Grammar,Royaume-Uni,,2012
5{w>6y4wcc,Lonely Walk,France,Bordeaux,2010
XuYY=_y@d5,Lone,Royaume-Uni,,
2bC89j8xVI,Long Fin Killie,Royaume-Uni,Ecosse,1993
RcSTjXcg=|,Longkuan & Supermarket,Chine,Pékin,
5FmQ?;NkR:,Lonnie Holley,Etats-Unis,,1979
7X=F>}dmyh,Loon,France ,Rennes,
v2AKEJO?Sx,Loop Guru,Royaume-Uni,Londres,1985
6;QhsTMge},Loorie Petitgand,France,Rennes,
DZI}=0o2CX,Lord Nelson,Trinidad & Tobago,New-York,1950's
w9<<=[PDYM,Lord Paramour,France,Rennes,2012 / Dj Marrrtin : 2009 / Ajax Tow en solo : 2006
bGongEAc`],Lordz of Brooklyn,Etats-Unis,New-York,1992
atYvX6AF\r,Los Chicharrons & DJ Ramon Santana,République Dominicaine,,
Dlj>\V6MW^,Los Desechables,Espagne,Barcelone,1978
T64GwCY^kg,Lou Doillon,France,,2011
Fwo\>x:Hqn,Louie Austen,Autriche,,
epqa4lVP|l,Louise Féron,France,Rouen,1988
;A^CYAF:s>,LSK,Royaume-Uni,Leeds,
pbc{X64wDc,Ludwig von 88,France,Paris,1983
<Rn?=f:8Xp,Lug-na,France ,Rennes,2004
Xsdp5}ENaL,Luis,Argentine,,
0L}G_j6cof,Luka Bloom,Irlande,Newbridge,
qbUvQh8IZ6,Luke Jenner,Etats-Unis,,2013 / 1998 ave The Rapture
@2Kg@hxh9f,Luke Slater,Royaume-Uni,,1989
qopZMa]DQC,Luke Vibert & BJ Cole,Royaume-Uni,,
hJa}b_sF?q,Lunachicks,Etats-Unis,New-York,1987
Cx3z0FVO=Z,Lunatic Calm,Royaume-Uni,,1996
7lp_ZQ4P_g,Luz,France,,2003
FK^3O0xRpf,Lydie Vendredi,France,Paris,
ufp>VNAX49,Lyres,Etats-Unis,Boston,1979
rgR_DaWzer,Mac. H,France ,Rennes,
h;_9|lEQhK,Mac l'Arnaque,France,Rennes,2008
S8u0VH_`mT,Macy Gray,Etats-Unis ,,
9Q<AF\b9Ic,Madame,France,,2010
r=rHYslVI4,Madben,France,,2000
NO]n@em}\i,Madensuyu,Belgique,Gand,2004
noWz_7U?[{,Madeon,France,Nantes,2010
\fjqtd?gzY,Mad Mike,Etats-Unis,Detroit,1989
2I|_FQMAqS,Mad Professor,Royaume-Uni,Londres,1979
QsFcE{<bV3,Magnapop,Etats-Unis,Atlanta,1989
XhsVwpd\bP,Magnetic Man,Royaume-Uni,,2007
P}k@3a?A4e,Magnifico,Slovénie,Ljubljana,1993
GNYX4d[0ff,Mahjongg,Etats-Unis ,Chicago,
[K;]lhJp5p,Maji Poor,France,Rennes,1993
vbt7Ib@jEm,Major Lazer,Jamaïque,,2009
w|`zh@]:J7,Malik,France,Paris,1988
=i^|oS|}kp,Malka Family,France,Paris,1988
|ZNg<<2DNd,Mama Rosin,Suisse,,2006
X5qBv2{ypS,Manaré,France,Paris,2008
EAnuKwnAJI,Manatee,France,Caen,2009
owI]|AsYD4,Manceau,France,Rennes,2008
pFPN1IPiDU,Mandrax,Suisse,Lausanne,
:wwd8~^JNX,Maniacs vs Sharkiat,Suisse ,Genève,1982
>:ikiN67>\,Marcel Kanche,France,Rouen,1976
o=G9BzAtFZ,Marc Em,France,,
^8oVkh}]23,Marc Minelli,France,Le Havre,1977
JHZUGqxd8b,Marco Barotti,Italie,,2010
E\\8PJUl}],Marco Lipz,France,Rennes,
:|w9gxxB[<,Marc Seberg,France,Rennes,1981
|i_0{ajRS\,Marcus Marr,Royaume-Uni,,Début des années 2000
kH70sRnoD_,Mardi Gras Brass Band,Allemagne,Mannheim,
KiY?CuEQB^,Margo,France,Angers,
>|]R}Z21ZQ,Marie,France,Lyon,1975
kPsdAKh7DP,Mario Chris,Chypre,,
h|Z;1>srbS,Mark Curry,Etats-Unis,Los Angeles,1987
K3BuF~kVVm,Marklion,France,,2008
cZ<6O1WN:j,Marquees,France,Nantes,2012
vxvvM>oOH},Marquis de Sade,France,Rennes,1977
?JgPGHfv~3,Martin Stephenson and The Daintees,Royaume-Uni,Tain,
9?Psx^C4Fn,Martyn Bennett,Royaume-Uni,Edimbourg,
NWF1W4;oSX,Mary Lake,France,,
eJp7rx:q:8,Mass Hysteria,France ,Paris,1993
:RGFU3_V_b,Massilia Sound System,France,Marseille,1984
^JXaMHK@}<,Massive Attack,Royaume-Uni,Bristol,1988
6Fcv_~S31C,Masters at Work,Etats-Unis,New-York,1990
p~^0>2b6Ya,Mathematikal,Malte,,2006
bkZ[_X8^~],Mathieu Boogaerts,France ,Nogent-sur-Marne,
;5W^Ldp\;H,Maths Class,Royaume-Uni,Brighton,2006
uk|{2AAkNW,Matmon Jazz,France,Rennes,2007
gp7?MFCqei,Mattafix,Royaume-Uni,,
@@f=IgD>;=,Matthew Dear,Etats-Unis,,1999
?=80jpuEO>,Matthew Herbert's One Club,Royaume-Uni,Londres,
6bOJvs;[qF,Mau Mau,Italie,Turin,1990
>9?5s67b`s,Maurice Fulton,Etats-Unis,Baltimore,
=_Gkbc1NHU,Max Jury,Etats-Unis,Des Moines,2008
3HX6d2g?w],Maya Jane Coles,Royaume-Uni,,2006
\IzEAo{}i1,Maylee Todd,Canada,Toronto,2005
`ub1FVOz3=,MC Paul Barman,Etats-Unis ,Ridgewood,
UKek3V^IKr,MC Ribs,Royaume-Uni,,1993
hz\{g]8:p_,MC Solaar,France,Paris,1990
qS7EN7jU`[,Me and the Heat,Allemagne,Düsseldorf,
aB\P9K;Gsp,Meca Rythm,France,Rennes,
@mK:lqD]Vf,Mein Sohn William,France,Rennes,2007
IWOpg0UbJd,Meira Asher,Israël,,
PWhvgdh|ul,Meï Teï Sho,France,Lyon,
_V^2JEPmQ3,Melissa Auf Der Maur,Canada,Montréal,
9_jDBAhw54,Melody's Echo Chamber,France,,2011
DD>\^[WypN,Melt Youself Down,Royaume-Uni,,2012
9z~urWWfmk,Meneo,Espagne,Barcelone,
qMF7t=AbPR,Menlo Park,Etats-Unis ,Los Angeles,
BO622Fg`XG,Me One,Royaume-Uni,Londres,
VykfAv[j`l,Me Phi Me,Etats-Unis,Flint,1988
2i3BMN2dmN,Mercan Dede,Turquie,,
RLX9`fm7N0,Merci Simka,France,Rennes,
i_1BD1eIoN,Meridian Brothers,Colombie,,1998
72Z1NABJDx,Mermonte,France,Rennes,2011
`RZ=\2tYlG,Me'shell Ndegeocello,Etats-Unis ,Washington DC,
b}nE7WJFMc,Messer Chups & Lydia Kavina,Russie,,
gq0Di=zZhr,Metal On Metal,Lituanie,Vilnius,2005
p{>:ZZJN^y,Metal Urbain,France,Paris,
NWVE20iP`|,Metà Metà,Brésil,Sao Paulo,2011
8HAHK0^J|w,Metronomy,Royaume-Uni,Brighton,1999
9m8Cd|6WVM,Mexican Institute Of Sound,Mexique,,2002
pbk?8d_O|1,M.I.A.,Royaume-Uni,Londres,2003
nPTE2HiApl,Micachu & The Shapes,Royaume-Uni,Londres,2006
So~0@r;3BW,Michael Kiwanuka,Ouganda,,2009
ObCAgp82>g,Michalon DJ Club,France ,Rennes,
f@;`i2vJIN,Michelle Shocked,Etats-Unis,Dallas,1984
MvjS8||j]H,Mich Gerber,Suisse ,Berne,
ROxTf;Gn8N,Mickey 3D,France,Montbrison,
d7u][axRNx,Mickey Avalon,Etats-Unis ,Los Angeles,2004
Me_1SDWQXe,Micronologie,France ,Rennes,2005
gMbOPH5D}^,Midfield General,Royaume-Uni,Brighton,
>aBLr_qwIH,Mieskuoro Huutajat,Finlande ,Oulu,1987
w::x4bS0zP,Mike Ladd,Etats-Unis,New-York,
2u^:JEka;9,Mikhael Paskalev,Norvège,,2011
t6F`KA_suA,Millionaire,Belgique,,
YymIP~?;2f,Minimal Compact,Belgique,Bruxelles,1981
a2[SpoEdk5,Miniman,France,Nantes,
CGW>sg[O2L,Minitel Rose,France,Nantes,2006
|7`PPRt\Tg,Mint Juleps,Royaume-Uni,Londres,
wcfB1>b;Xp,Mirou Trio,France,Rennes,
<;dT1Hq61u,Miss Blue,France,,2001
bCKKi3;BRt,Miss'ill,France,Paris,
m|]pti}N6z,Missill,France,Paris,1999
t~XBmwT4Qj,Missill Live Gang,France,Paris,1999
ECbP@t2IVA,Miss Kittin,France ,Grenoble,1992
?0:eL0uWfI,Miss Platnum,Roumanie,,2004
WCl[_s=N8<,Mister Gang,France,Villabé,Début 1990's
@9r;9Rwq^\,Mister Mongol,France,Paris,
S]F6@SGd[[,Misty Socks,France,Angers,
EFztv4t8IC,Mitsu,France,Nevers,
eURQQqkwCm,Mix City,France,Nantes,
j0|}iW08\N,MixHell,Brésil,,2004
E2Eej7^w<~,MJ's,France ,Rennes,
7HjWqT@rqJ,Modeselektor,Allemagne,Berlin,1996
K61X6=^4M1,Modey Lemon,Etats-Unis ,Pittsburgh,
^y08P3@K0_,Modjo,France,,
=3_Qc~hnO8,Modul Club,France,Rennes,2009
uLU0y8:m1R,Mojo Nixon & Skid Roper,Etats-Unis,San Diego,1985
;eBbnuGnE_,Moller Plesset,France ,Rennes,
qhNi`GTj4a,Moloko,Royaume-Uni,Sheffield,1993
\e3]~SP^hH,Molotov Jukebox,Royaume-Uni,Londres,2011
21Ua_BFz:z,Momma Stud,Etats-Unis,Hollywood,Fin 1980's
jOZKzn?mDt,Mona Soyoc,France,Nancy,1980
Jannqqmc|l,Mondial Coconut,France ,Rennes,
\ak]i=x{um,Money For Rope,Australie,Melbourne,2009
cp@58ho}:E,Monk & Canatella,Royaume-Uni,Bristol,1994
t>]hVUX|EV,Monkey & Bear,France,Rennes,2010
@TUztTnNIu,Monkey Mafia,Royaume-Uni,Londres,1994
?TwhBWbZpt,Monogram,France ,Rennes,
zi8qjuHrA7,Monosylabikk,Pologne,,2005
4kDvSa7slo,Montage,France,Rennes,1983
t6D1b_rs^T,Montevideo,Belgique,Bruxelles,2003
KmwklmpGI|,Montgomery,France,Rennes,2002
hz52\bNG>w,Montreal Sax Machine,Etats-Unis,New-York,2014
~~jwluQmjo,Moodoïd,France,,2010
huV2udE>BP,Moondog,Etats-Unis,New-York,
kcMgN[;g:q,Morgan,Royaume-Uni,,
lI?;_=EhzL,Morpheus,Israël,Tel Aviv,1981
Y:^>>LF1uE,Morphine,Etats-Unis,New-York,1989
bDds@0s:ON,Moses Sumney,Etats-Unis,Los Angeles,2010
cqefUhduV6,Mo Solid Gold,Royaume-Uni,,
?{n3Fwika9,Moss,Pays-Bas,,2006
IQ~}N0kD>J,Motorbass,France,Paris,
a;_>uLPVal,Motor City Drum Ensemble,Allemagne,,2001
pJWX8UdX@G,Mouloud,France,,
pkHtHRqvpe,Mountaineers,Royaume-Uni,,Fin 1990's
6_q<|t99k[,Mouse On Mars,Allemagne,Düsseldorf,1993
Vaa7:?`74P,Mozes & The Firstborn,Pays-Bas,,2010
|1`zJHjtH[,Mr Eleganz ,France ,Rennes,
PE1>j}?s<g,Mr Eleganz,France,Rennes,
qfsVpXlRl[,Mr. Hyde DJ,France ,Rennes,
WsErHew:bw,Mr. & Mrs Cameron,Pays-Bas,,
~P>Q4hyxl<,Mr Oizo,France,Paris,1997
92_e\7RRfy,Mr. Scruff,Royaume-Uni,Manchester,
7\wKH0RY{q,MsMr,Etats-Unis,New-York,2011
Nh:wffK;2k,Mstrkrft,Canada,Toronto,
6bEvndLnw\,M'Toro Chamou,France ,,
l]PVv7^D4R,Mu,Japon,,
r{r\vAjX|\,Mujuice,Russie,,2004
ouw7ns`hDP,Mukta,France,,
@nHyry}4Cr,Mum's the Word,France,Rennes,
Y8|8UWGAiH,Mundy,Irlande ,Dublin,
<LW_^GmSDs,Mungal,Trinidad & Tobago,Trinité,
lE1xQz?jsj,Mush,France,Bordeaux,1990
=gv7vCabo:,MV Bill,Brésil,Rio de Janeiro,
cHi67tSYA9,Myckeyn'stein,France,Nantes,
~MbS{xQq2u,My Federation,Royaume-Uni,Brighton,2005
2Z:_pk10Ar,My Lullaby,France ,Rennes,
USV>3pkOoy,My Name Is Nobody,France,,2004
a2e{NxufY<,Mystery Slang,Royaume-Uni,Bristol,
>K=k=29n0m,Mystica Teacha,France ,Rennes,1996
@a;TlpR;6x,My Summer Bee,France,Caen,2012 / 2010 en duo
p@7fVD3XtX,Naab,France,Brest,
K34m3JDQb2,Nada Surf,Etats-Unis,New-York,1992
F546yU08`8,Nag Nag Nag,France ,Rennes,2008
yD<44l0N\m,Naive New Beaters,France,Paris,2004
V<sUUXp?u`,Naïve New Beaters,France,Paris,2004
eb_H606sey,Naked (on Drugs),Royaume-Uni,Manchester,2012
WLW^IU]MMd,Naomi Shelton & The Gospel Queens,Etats-Unis ,New-York,Début 1960's
M8ZTg0^{T<,Nashville Pussy,Etats-Unis,Atlanta,1995
iz`CMaZIrb,Negative Supply,Etats-Unis,New-York,2013
K}`mtU]5\;,Neil Landstrumm,Royaume-Uni,Edimbourg,1994
kkY_mD]n6B,Nekochan,France,Lyon,2006
>mjrY4~<ee,Nervous Cabaret,Etats-Unis ,New-York,
_IhRv08ZJT,Netsky,Belgique,,2008
v9NMYMBVg;,New Jackson,Irlande,Dublin,2010 / 2000 sous le nom David Kitt
jNTM[pilD[,Nguzunguzu,Etats-Unis,Los Angeles,2007
xGN}[ytV]Y,Nick Waterhouse,Etats-Unis,,2010
tKkl4Podi{,Nicola Conte,Italie,,
dRa1uYBnJo,Nicolas Cruel,France,Brest,1977
NByP:Qu=w},Nicole Willis & The Soul Investigators,Finlande,,1984
V<]=~\I9Ae,Nikki Sudden and the Jacobites,Royaume-Uni,Londres,
=zh]:}OYw^,Nimh,France ,Rennes,
k7tz?f@wQS,Ninos Du Brasil,Italie,Vittorio Veneto,2010 / 1995 dans le quatuor punk With Love
frq;XYwrE_,Nin Petit,Royaume-Uni,,2006
zYmdiMr=I3,Nirvana,Etats-Unis,Aberdeen,1987
09iidkl1Ly,Nitin Sawhney,Royaume-Uni,Londres,
gWbPUh`x|8,Niveau Zero,France,Paris,2006
\rU:5gphe1,N'Java,Madagascar,,
~\Ej3Zsoa1,Noir Désir,France,Bordeaux,1985
WeCM>={{[`,Nola's Noise,France ,Rennes,2007
]2~5Ug?m3~,No One Is Innocent,France,Paris,Début 1990's
@]~\4AQvVV,Norman Spinrad & Richard Pinhas,Etats-Unis,New-York,
R0sYEyJ|Q`,Nortec Collective,Mexique,Tijuana,1999
A8xlwXa@fS,Nosfell,France,Paris,
62DsO3}uf>,Nouvel R,France,Angers,2004
i8K{Lwds:c,Nova Heart,Chine,,2010
=ci4o~:c^d,Nova nova,France,Rennes,1992
\s;6FKWczS,Novela,France ,Rennes,
np>i;;BvHL,Novo Navis,France,,
No_<76BZit,N'To,France,Marseille,2009
x2Tx]gG~M?,Numerica Rockestra,France,,2005
\Mti5W;VeP,Numeric Ravers,France,,2011
a|9C<EzX<I,Nunna Daul Isunsyi,France,,2007
cg?BZ<?e?B,Nurse,France,Rouen,1979
6x7x{PIfyJ,Nyah Fearties,Royaume-Uni,Lugton,1982
E4AWS?8J7L,Ôbrée Alie,France,,
4?|X_@sjF7,O'Children,Royaume-Uni,Londres,2008
Z8p_LJ\c?S,Oenix,France,Rouen,
kQs]9t=Wr8,Offspring,Etats-Unis,Garden Grove,1984
MfQU?9nPwc,Off The Wall,France,Rennes,
;8FrfFUscL,Oil B,France ,Rennes,
fE9~A{@B2v,Okay Monday,France,Lille,2012 / 2007 sous le nom de Marvin Hood
~cvv|<s}Z5,Oktopus,France,Rennes,
nto2K=];C8,Olaf Hund,France,Paris,
r^>QpTgS7D,Old School Nemo,France,,1991
ZYb]l]WxZ{,Old Skool Nemo,France,Paris,Début 1990's
@0TKn8Q;~p,Olivier B,France,,
N<k:JF_[@@,Olivier Mellano,France ,Rennes,
vN]X077HQl,Ollano,France,,1994
NPfgzLi8Lz,Olli & The Bollywood Orchestra feat. DJ Swami, Amar,,
HzPTl1=B=4,Ondatropica,Colombie,,2011
NlpxN8ZPii,One the Juggler,Royaume-Uni,Londres,1980
t;yl|DZ=2],Oneyed Jack,France,Paris,1992
Rg@8qdw<BK,Onipa Nua,Ghana,Accra,
Ym?5EB[Pj:,Oniris,France,Rennes,
tM7k}RBSiT,Oof,France ,Paris,1992
iLClr\{o]f,Opposition,Royaume-Uni,Londres,1979
so~I`vv9uy,Optimo,Royaume-Uni,Glasgow,1997
GW?hCht65U,Orange Blossom,France ,Nantes,1993
`A9qALO`|Z,Orbital,Royaume-Uni,Sevenoaks,1989
X7Qh84}XeQ,Orchestra Of Spheres,Nouvelle-Zélande,Wellington,2009
8B;4z{1}PH,Orchestre Rouge,France,Paris,1980
lf7lSH1wb`,Original Rockers,Royaume-Uni,Birmingham,1991
xE]\D]1edr,Orka feat Yann Tiersen ,Iles Féroé,,2005
uXQrr`b{LU,Orville Brody & Goodfellas,France ,Rennes,
GXy{]X`{tL,O Safari,France,Rennes,2011
;tnAZUwxwV,Osmose,France,Angers,
zN1As@[bV},Osni,France ,Lille,2001
JX1sodfN4O,Oso Leone,Espagne,Palma de Majorque,2010
49;F=Jq]?y,Otis Grand & The Dance Kings,Etats-Unis,Oakland,1963
x||RUuUTR],Otis Taylor,Etats-Unis ,Denver,
{~V}l;ZSPN,Otto,Brésil,Pernambuco,
<DZ|L1<LX],Oum Shatt,Allemagne,,2012
\^YAlTysJM,Ou@rz@z@te System,France ,Rennes,
qgi<pjAX[E,Outasight,Etats-Unis,New-York,2007
>llB[A8LSn,Overhead,France,Paris,
C>gx<xE|fB,Oy,Ghana,,Début 2000's
A]0:j8ys1n,P18,France,Paris,1995
l80x{;o9xn,P. 38,France,Rennes,
~LM:eOSzSt,Pablo Nouvelle,Suisse,Bern,2011
Q^v1J8Q2`D,Padded Cell,Royaume-Uni ,Londres,2003
?EN6z;8P8u,Pändip,France,,
WFnK@}2Du^,Papier Tigre,France,Nantes,2006
pIu_qU3Jy4,Paranda,Bélize,,
[_I|5k~VJ},Paris Suit Yourself,Etats-Unis,,2007
XjoEC4j>Dd,Pascal Comelade,France,Montpellier,
34Fy2xg43r,Pascals,Japon,,
PgSt=`|>dn,Passion Fodder,France,Paris,1984
mq>KCi=1QU,Pat'Jaune,France (Réunion),,
Hy@n60m5ZH,Pat Panik & DJ Netik,France,Rennes,
Hkp}Yr[VqC,Pat Panik,France,Rennes,
>@=ed<y@=x,Pat Panik & La Rayure,France,Rennes,
]6l|pFAyA~,Pat Panik meets Netik,France,Rennes,
;71Srt{pED,Patrice Moore,France,Paris,
vtKWbff{8;,Pauline Croze,France,,
otvC^qRUVv,Paul Johnson,Etats-Unis,Chicago,1985
Ha`Qlcp1LP,Paul Mac Cartn'Paul,France ,Rennes,
XFXr3\wN:B,Paul Thomas Saunders,Royaume-Uni,,2009
F\1]nQq^<w,Pavement,Etats-Unis,Stockton,1989
BVRu@N;Db\,Pegase,France,Nantes,2008
tThwcqu8Hp,Pelle Miljoona,Finlande,Helsinki,1979
Eyc]P\GWq[,Penfleps,France,Quimper,1990
Jy9esfi4[O,People Under The Stairs,Etats-Unis ,San Francisco,
781V?NQCsb,Percubaba,France,,
lN[Zq{^C6N,Pere Ubu,Etats-Unis,Cleveland,1975
>KydbL@u2Y,Peshay,Royaume-Uni,Londres,1991
dW8|H4ont9,Pest,Royaume-Uni,Londres,Fin 1990's
4b5>9_Ro?g,Pete Herbert,Royaume-Uni,,
=x}w57]@?U,Peter Digital Orchestra,France,,2006
]hKsR?4U|w,Peter Kruder,Autriche,Vienne,
xX{W9S7PjG,Peter Von Poehl,Suède,,
5GqE;W\097,Peter Winslow,France ,Paris,
OfD<a=y8Bd,Petite Noir,Afrique du Sud,Le Cap,2012
DRwCIKoevy,Petit Fantôme,France,,2005
u`SF3A}nC^,Petit Vodo,France ,Bordeaux,1997
a9n:N0Lj6g,Pharaohs,Royaume-Uni,Harlow,1983
^]ZM6^bhMy,Philippe Brunel Groupe,France,Rennes,
rRAecq24I2,Philippe Pascale,France,Rennes,1991
jN1cc]nKyl,Philippe Pascal,France ,Rennes,1991
]]e|=B0Pw8,Philippe Pascal & the Blue Train Choir,France ,Rennes,
iK?{_[`EwP,Phillip Boa & The Voodoo Club ,Allemagne,Dortmund,1984
oJzqPD8`k;,Phoebe Jean & The Airforce,Etats-Unis,Baltimore,2007
h7u=>ei_[2,Photek,Royaume-Uni,Ipswich,
i8DZuY}JU3,Pianosaurus,Etats-Unis,New-York,1982
Vvy{don=XG,Picasso y los Simios,France,Nantes,1986
4B_6J=2pgm,Pierpoljak,France,,1988
0r\NA0x1U^,Pierre Kwenders,Canada,Montréal,2011
tkJex^id9<,Pigalle,France,Paris,1982
Y{70UEq{i2,Pills,France,Paris,1991
}B<]A8~XSj,Pin-Ups,France,Rouen,
j:1fRfOf~],Plan B,Royaume-Uni,Londres,
}<NV~f~r;6,Plantlife,Etats-Unis ,Los Angeles,
EWYvU7DOue,Plastilina Mosh,Mexique,Monterrey,
Ue]h{:MHq2,Platinum Pied Pipers,Etats-Unis ,Detroit,
M32[c_nI:X,Play Boys,France,Nice,1980
8}NCO?;0ru,Playdoh,France,,
[Z]l{oxTy>,Plump Djs,Royaume-Uni,Londres,
M0X||\i9fl,Pnau,Australie,Sidney,1998
t;Yq6e_B}9,Pockemon Crew,France,,
;jv~_gYOY\,Pompeya,Russie,,
xrEb^_T^7z,Pony Pony Run Run,France,,2005
sewJRO1zG;,Poor Boy,France ,Morlaix,
Kqt~aa`Y\R,Popa Zens,France,Rennes,2010
k;G_k{Jx@A,Pop Levi,Royaume-Uni,Londres,
75zv@G=_yK,Popof,France ,Paris,1996
0wEcA{tg6i,Porcelain,France ,,1999
Nxp@L7ft|Z,Portishead,Royaume-Uni,Bristol,1991
0tGa=LNEi^,Positive Black Soul,Sénégal,Dakar,1989
@2h|8dWbg],Potato Five,Royaume-Uni,Londres,1983
:qLw>9k]Jb,Poupie Colors,France,Rennes,
7I`uuo^o]>,Powersolo,Danemark,,
]q49;e`jzI,P.P.E (Puding Pani Elvisovej),Slovaquie,,1995
a3gCgeVqy1,President Bongo,Islande,Reykjavik,1999 / 1995 avec GusGus
Ru4fO[ZR0C,Président Chirac,France,,
<q<me<i^qH,Pressure Drop,Royaume-Uni,Manchester,1990
Fousx6YWHC,Pressure Sound DJ's,Jamaïque,,
6dWiI4_Kk2,Primal Scream,Royaume-Uni,Glasgow,
9tZAfISGIi,Princess Erika,France,Paris,1982
??3^QeO0Cg,Princess Superstar,Etats-Unis,New-York,1994
8Fc?YE0ClP,Prins Nitram,Danemark,,2006
kg\oqL\Ri?,Printemps Noir,France,Brest,1981
nq2ihyNsbn,Prismo Perfect,France,Brest,2009
ZhZDzryJmT,Private Jokes,France,Nantes,
2e}K`<ZKaX,Professor Murder,Etats-Unis ,New-York,2004
0_@CfHY6L0,Prof Pinpin et ses Funk-Noz,France,Rennes,1978
AQlaQJ7YPM,Programme,France,Toulouse,
]cd[D:JP<H,Prohibition,France,Paris,
268^:HcW>L,Project 23,Royaume-Uni,,
~d]QM|65{:,Projectile,France,Rennes,
=:qhlf\R73,Promoe,Suède,,
t`DWaA>zeT,Prophets of Da City,Afrique du Sud,Le Cap,1988
4`WP}`:vPz,Psyco On Da Bus,France,Nigéria,
:5vDdIdaNu,Psykick Lyrikah,France ,Rennes,
MtQd@:FGVg,Ptôse,France,Niort,1979
eH7VVbcrLY,Public Enemy,Etats-Unis ,New-York,
35K^UvbY1L,Public Service Broadcasting,Royaume-Uni,,2009
IFg667Zu2|,Pure Reason Revolution,Royaume-Uni,Londres,
Vxt~rCc5~J,Purity,Royaume-Uni,Londres,1997
Lmn<5LQ[h@,Push Up !,France,,
HYJB@qu]}p,Push Up,France,,
=Y06;[R~j0,Puts Marie,Suisse,Bienne,1999
CZryL:IghV,Quannum,Etats-Unis ,Oakland,
aD2TF}xU9b,Queen Adreena,Royaume-Uni,Londres,
BG_^mj3M:6,Rachid Taha,Algérie ,,1989
P;8RxwS@z9,Rachid Taha Zoom Project,Algérie,,
6l8}FKstqZ,Radio 4,Etats-Unis ,New-York,
OWyv4V[?jz,Radio Romance,France,Lille,1978
@GKRll<\x3,Radio Tarifa,Espagne,Madrid,1990
M7Q{{qYJ>y,Rae & Christian,Royaume-Uni,Manchester,1995
tDm]~RZ^31,Rafale,France,Saint-Brieuc,2006
yG2D8Km_Ei,Rainer,Etats-Unis,Tucson,Début 1970's
ucCL9;iUsA,Ralf,Italie ,Milan,
ty@XpUO4@Q,Ralph Myerz & The Jack Herren Band,Norvège,Bergen,
IryTLdM?=V,Ramiro Musotto,Argentine,,2001
HHS29U:_Tg,Rangers Crew,France,Paris,
eA<:kZkwC9,Rao Trio,Espagne,,
po~5S{FBKP,Raph Dumas & The Primaveras & Cobla la Mil.lenaria,Espagne,Catalogne,
H^YYi`oqoh,Rasmus,Royaume-Uni,Londres,
73B@xlvYII,Raury,Etats-Unis,Atlanta,2014
M7qYYL}chp,Ray Gelato's Giants of Jive,Royaume-Uni,Londres,1979
yAQsNR4UOq,Ray Lema,Congo,Kinshasa,1974
7j1HtwzcU4,Razorlight,Royaume-Uni,Londres,2002
ACm][s<JH_,Rebirth Brass Band,Etats-Unis,La Nouvelle Orléans,1982
l|2>DxzYL3,Red,France,Lille,
\nY5iOu@B7,Redrama,Finlande,Helsinki,
@;_>~gr4qA,Redskins,Royaume-Uni,York,1982
gy9ju^>buB,Red Snapper,Royaume-Uni,Londres,1993
VdQv\6DIL~,Red Sunrise,France,,2005
9DCt;MqSTP,Reggiori,France,,2007
AwB8zFW\yV,Regg'Lyss,France,Montpellier,1989
\4Go;xSp5f,Renaissance Man,Finlande,Helsinki,2008
hG=v};vYZu,Renaud Papillon Paravel,France,Toulouse,
Zg~=LPjU8n,Renegade Soundwave,Royaume-Uni,Londres,1986
prqNIP:T3:,Rent Party,Royaume-Uni,Londres,1981
~N_{LJ:>36,Republic Of Loose,Irlande,Dublin,
Bi^PJ9Au[o,Republik,France,,2008
O:`XxXNqDN,Resistance,France,Dijon,
m{Tw;D2EFz,Restless,Royaume-Uni,Ipswich,1981
dDjN_jUcN[,Rezerv,France,République Dominicaine,
;r^qv6NgI{,Rhudabega,Etats-Unis,La Nouvelle Orléans,
|4bswS?lo_,Rhume,France,Dax,2005
MQdEmhZp2X,Rhum For Pauline,France,Nantes,2009
5Nk~x}pS~[,Rhythm Masters,Royaume-Uni,,
sxIL6KwK4t,Richard Barone,Etats-Unis,Tampa,1980
@@0jQ]s>cD,Richard Cameron & Karin Ras,Pays-Bas,,2000
f_o}]1UgK3,Richard Hell,Etats-Unis,New-York,1973
Du0M_}R`>3,Rich Aucoin & Encore !,Canada,Halifax,2014 / 2006 pour Rich Aucoin / 2010 pour Encore!
\I>Ox;2PVQ,Richie Hawtin AKA Plastikman,Canada,Windsor,
E;Mf[4=>br,Rico,France,,
gJ;_Do;3o@,Rinôçérôse,France ,Montpellier,1994
Khc<r51AP`,Ripley,France ,Rennes,
DCPlRGikMa,Rita Mitsouko,France,Paris,1980
Qn[<skcEP0,Ritmolider,Russie,,
vbi{EUXLe_,Rivoli,France,Rennes,2011
1Pvl8NG|s8,Rizwan & Muazam Qawwali,Pakistan,,
WwvWfxjqrT,Rôade,France,Rennes,
Ph7EltHmQ8,Roadrunners,France,Le Havre,
o89aAVuNy8,Robert Farrel,France,,
PZS3~gVYUF,Robert Le Magnifique,France ,Rennes,
|Gr~xoh:j@,Robin Foster,Royaume-Uni,,2006
v[ymOa0]jk,Rob Sonic,Etats-Unis ,New-York,
];YM6NGEfq,Robyn Hitchcock and the Egyptians,Royaume-Uni,Londres,1976
rDYMp<n2fe,Robyn Hitchcock,Royaume-Uni,Londres,
cg}EN;}WrB,Rock à Porter,France,,
qvZ9Rbcql9,Rockers Hifi,Royaume-Uni,Birmingham,1991
0VSeohhAjA,Rocket From The Crypt,Etats-Unis,San Diego,1990
ZD:dXras[k,Rodolphe Burger & Erik Marchand,France,Strasbourg,
QYB<WEXqs^,Rodrigo Y Gabriela,Mexique,,2000
THeJP_X<>c,Rodriguez,Etats-Unis,Detroit,1967
=jmzONjs3k,Roger Sanchez,Etats-Unis,New-York,1991
lFw5f[8VdP,Roken Is Dodelijk,France ,Lille,2006
bZ{LYTPbQr,Roky Erikson,Etats-Unis,,1964
41bb}344[N,Roland Casper,Allemagne ,Cologne,1988
>@VdlYPU|0,Rom,France ,Nantes,
^zPq{mP>d[,Rone,France,Paris,2007
t_CYIANs[T,Roni Size Reprazent,Royaume-Uni,Bristol,1988
]qYP?<\::;,Rory Mc Leod,Royaume-Uni,Londres,
<|<zlNC^_p,Rosita Warlock & Mr Djub,France,,2008
;u|^mfX6o;,Rotor Jambreks,France,,2006
L0SyfrrHc`,Rouge Mécanique,France,,2009
qsZW>Epsey,Round Table Knights DJs,Suisse ,Berne,
;Vv0k`lma<,Royal Crescent Mob,Etats-Unis,Colombus,1985
VEvs=g{?nv,Royal Deluxe,France,Aix-en-Provence,1978
:g7OsimChC,Röyksopp,Norvège,,
b1[s:A:W_z,Ruben Guevara,Etats-Unis,Los Angeles,
kA6U`G>KS[,Rubin Steiner & Placido,France,Tours,
oK0c6@MAXk,Rubin Steiner & The Magical Black Shoes Orchestra,France,Tours,
6fkV|uzT>M,Rub'n'tug,Etats-Unis ,New-York,
Ere{UT>ehJ,Ruby,Royaume-Uni,Londres,1994
`=~XNN[Ogc,Rufus Harley,Etats-Unis ,Philadelphie,
d_S0~JEQgr,Russell Gunn & Ethnomusicology,Etats-Unis ,Atlanta,
[`T2UmBFEj,??????? ???????,Russie,,
gT;Ju:c;=g,Saadet Türköz,Turquie,,
nOfuQMwoAM,Sabina,Italie,,1998
>yqWaqqIUj,Saïan Supa Crew,France,,
LQ4`{EpSuK,Saidah Baba Talibah,Canada,Toronto,2007
a5Y4{V4o_h,Saï Saï,France,Paris,1985
NLr\iVK[@k,Salaryman,Etats-Unis,Champaign,1987
2S[_E\UfA<,Sale Défaite,France,Lyon,
wPZA9DZaQt,Salem,Etats-Unis,Chicago,2006
wtzpySi@K<,Salem Tradition,France (Réunion),,
\`U1a\SIHZ,Sallie Ford & The Sound Outside,Etats-Unis,Portland,2008
LMwz1Ju<;C,Salmonella Dub,Nouvelle-Zélande,,
2yKZUP[mT^,Salt Cathedral,Colombie,,"2013 / 2010 sous le nom ""Il Abanico"""
tKf[6]@ss8,Salvatore,Norvège,,1998
zlc=A60fV\,Sam Amazon,France,Rennes,
Pba}UCnGz:,Samba De Le Muerte,France,Caen,2011
dav>I|Nje`,Sammy Decoster,France,,2006
gWpX[j?zLW,Sandals,Royaume-Uni,Londres,1987
_Iqj`f\>Rc,Sankofa,France,Rennes,
@246C^RP{b,Santa Cruz,France,Rennes,
~J28tSwx7W,Santogold,Etats-Unis,New-York,2006
D?FCj]dhJF,Sa-ra Creative Partners,Etats-Unis ,New-York,
trqqXEVdyn,Sarah W_Papsun,France,,2006
^NqX7<0iUX,Saul Williams,Etats-Unis ,New-York,
4`<IwLfGMJ,Sawt El Atlas,France,Blois,1991
VR]sOAanB|,Sax machine Feat. Racecar,France,Rennes,2009
^^b9>Ke]HS,Sax Pustuls,France,Rennes,1978
sn=UhS44eq,SBTRKT,Royaume-Uni,Londres,2008
<4Iihd}15J,Scan X,France,Paris,1993
tlGE|>s<fh,Scatterbrain,Etats-Unis,New-York,1989
|x1nMpXhZ{,Scieur Z,France,Paris,
ZUJa;4i3:\,Screaming Target,Royaume-Uni,Londres,
MW06?Gp\bU,Sebastian,France,,2004
ec{rlAxG8a,Sébastien Tellier,France,Paris,
[plSoy:]JQ,Sekuoia,Danemark,Copenhague,2010
Rdxq5Fj9Pz,Semblant Décors,France,Rennes,1979
yG|_HYwxFE,Senior Picante,Mexique,Mexico,2002
FI73aG9vjk,Señor Coconut,Allemagne,,
uhKrbhWgrL,Senses,Inde,,
4V{m:={qfW,Sens Unik,Suisse,Lausanne,1987
M=j}o<vfNc,Serena Maneesh,Norvège,Oslo,1999
Z<HzhL^=Pe,Sergent Garcia,France,,1997
?C=`I?BxdL,Sergueï Papail,France,Rennes,1977
[q=1B`a0D0,S.E. Rogie,Sierra Leone,Freetown,1950's
Ze[oRxv8vt,Seven Dub,France ,Paris,
|1@|l_TfxA,Sex Tattoo,France,Rennes,
sTlwE2wnuM,Sex Toy,France ,Paris,
qSh[yFc[n>,Shabazz Palaces,Etats-Unis,Seattle,2009
zwLv^V=np=,Shaï No Shaï,France,Paris,1995
^2;>F5@cTk,Shä-Key,Etats-Unis,New-York,
BPwf9AzUXL,Shalark,France,,
T;``SC09|T,Shamir,Etats-Unis,Las Vegas,2013
>=0P|~io4b,Shane Cough,France ,Rennes,
hbre=sJT3i,Shantel,Allemagne,Frankfort,
i[gy[=WG~5,Sharko,Belgique,,
2dSmoRQADY,Shazzula,Belgique,Bruxelles,1998
LB}s]v\NQ[,Sheer.K,France,Brest,
T:v<Q11kgB,Sheik Omar Sanogo Group,France,,
fEiY?yXr3h,Shellac,Etats-Unis,Chicago,1992
{;?oXwd=xP,Sherpas,France,,
cD}NU8d6DU,Shift,Etats-Unis,New-York,1994
lt6kd`ZCMC,Shiko Shiko,France,Lille,2008
dD9iMiQX|6,Shogun Kunitoki,Finlande,,1998
Ij1Bj?yg=[,Shop Assistants,Royaume-Uni,Edimbourg,1984
W|7W?KBU0K,Shoulders,Etats-Unis,Austin,1987
}kAW>v@2q:,Shout,France,Saumur,
Y1MjtHhhny,Shout Out Louds,Suède,Stockholm,
NC@^Fv^Rla,Shredded Ermine's,France,Nevers,1985
tFJ9Bn9WF7,Shukar Collective,Roumanie,,
2IR`Gx}0]4,Shy Child,Etats-Unis ,New-York,2000
~yh8KX~eXp,Sidestepper,Colombie,,1995
PqcYR`gmq4,Sid Presley Experience,Royaume-Uni,Londres,1984
?|OZ^aS>10,Sierra Leone Refugees All Stars,Sierra Leone,Libreville,1999
~D^\UiZjGX,Sigue Sigue Sputnik,Royaume-Uni,Londres,1984
QcsUEeDAta,Silent Majority,Suisse,Lausanne,1992
J[IFOd_xYD,Silverfish,Royaume-Uni,Londres,1988
lM3@YX3{0F,Silverio,Mexique,,2001
;S4XHsxa2\,Simian Mobile Disco,Royaume-Uni,Londres,2005
^b6=Wg01js,Simian,Royaume-Uni,Londres,
~b8fs_Elcx,Simple Posse,France,Rennes,1993
72r@>C;aMc,Sinclair,France,Paris,
`m>`9;|Jl2,Sinden,Royaume-Uni,Londres,2004
AnDaXE5~ri,Sinjin Hawke,Canada,Montréal,
iF<GHmkLN|,Sinkane,Soudan,,2007
6@l}u{3shf,Sir Nenis,Finlande,,
Gg^[LyD4k?,Sister Phunk Brothers,France,Paris,2004
b3f3}rSKyR,Sister,Royaume-Uni,Londres,2005
l:pms]Q?Je,Sitronapoo,France,Saint-Brieuc,
qFHY?Jxe|W,Sixtine,France,,
mg6[Q7uM^=,Skalpel,Pologne,Wroclaw,
T4~CsIepkg,Skim & Tone,France ,Rennes,
NHeQ]SHYJH,Skip&Die,Afrique du Sud,,2007
vG=Kc6Ptby,Sléo,France,Paris,
rh7BU<sc}_,Slim,Royaume-Uni,Londres,
<tL`KVE{C~,Slovo,Royaume-Uni,Londres,
wBS4^e9|_e,Slow Joe and the Ginger Accident,Inde,,2007
q[00d{i=v4,Sloy,France,Béziers,1991
AyIQ=ygfb<,Smooth,France,Nantes,
S<i`35`p?t,Smooty Filth,France,Rennes,
@nL}FAURnz,Smoove & Turrell,Royaume-Uni,Newcastle,2007 / 1990 pour Smoove
Xa?Ez@dZ|n,Snakefinger,Royaume-Uni,Londres,1972
kEG^Gj^`f3,Sneaker Pimps,Royaume-Uni,Reading,1995
G}~?Xehlkz,Soft Lit,Etats-Unis,New-York,2014
kEN0[w3;:R,"Soil & ""Pimp"" Sessions",Japon,,
dM_rl;W<Ry,Solange la Frange,Suisse,,2006
Y:FMhwz~yS,Solange La Frange,Suisse,,2006
<vB[Y_uQ2>,Solillaquists of Sounds,Etats-Unis ,Orlando,2002
N~B[?AY9P7,Sona Fariq,Royaume-Uni,Londres,
X]6gvaN4<Y,Sondre Lerche,Norvège,,
<h[mxD=OLF,Songhoy Blues,Mali,Tombouctou,2012
[RG1SyMf4p,Sonic Machine,France,Paris,1979
Wyp^Blkvwm,Sonic Youth,Etats-Unis,New-York,1981
2:siQ2So[C,Son of Bazerk,Etats-Unis,Freeport,
;1GS]\~Q2j,Son Of Dave,Royaume-Uni,Londres,1989
U7K@1P=NHo,Sons of the Desert,Royaume-Uni,Londres,1988
wH7=j:I952,Soso,Canada,Saskatoon,1999
:PUUDN=Qj[,Soulchoc,France ,Angers,
F2lpoL=`3z,Soul City (+ Pat Panik et DJ Netik),France,,1996
8[bx`gQG^V,Soul Coughing,Etats-Unis,New-York,1992
0Rj@ccEsdj,Souleance,France,Paris,2007
sEsOQbEmr~,Soul Jazz DJ's,Royaume-Uni,,
sE<of2iGF_,Soul Of Man,Royaume-Uni,,
o<m`xiZz2z,South Central DJ Set,Royaume-Uni,Brighton,2006
YAX\a:Ar~@,South Central,Royaume-Uni,Brighton,2006
^D<RIGI>zk,Space Raiders,Royaume-Uni,Middlesbrough,
K_FV\sX\tg,Spain,Etats-Unis,Los Angeles,1993
U~{ej5fY;3,Spank Rock,Etats-Unis,Baltimore,2004
v~M}0H7WgI,Spearhead,Etats-Unis,Oakland,1988
16FZd[N<D;,Spicy Box,France ,Tours,1993
Nz~7B~TPmp,Spitzer,France,Lyon,2006
Q|qLflnGC_,Splash Wave,France,Rennes,2008
2;8}3J<]Es,Splassh !,France,Rennes,
1fRFEN6l1R,Spoek Mathambo,Afrique du Sud,Johannesbourg,2003
pehQQhibr],Spontus,France,Lannion,
Bcd_Rad5iG,Spooky,Royaume-Uni,Londres,1990
W3\ljIF6=},Sprung Aus Den Wolken,Allemagne,Berlin,1981
MEawb2luYD,Square One,Barbades,,1986
jL>tRc^gmb,Stacey Pullen,Etats-Unis,Detroit,1990
eKckB>i9`k,Stanton Warriors,Royaume-Uni,Bristol,
o];Xjur9FG,St Augustine,France,Clermond-Ferrand,2005
?N:fW}IyYG,Stephan Eicher,Suisse,Münchenbuchsee,1979
`91T6jPd9{,Stepping Stones,France,Paris,
^lZA\vmE5<,Stereo MC's,Royaume-Uni,Londres,1985
EHw0^Zzh^Z,Steve Jordan,Royaume-Uni,Liverpool,1978
Fu2aTgHjQa,St Germain,France,,1993
Lxi_N~qZzC,St. Lô,France,,2012
7`v=^uegSX,Stormcore,France,Rennes,
@BBkjtYqyL,Strasbourg,France,,2012
}~RM19}o]s,Straw Dogs,France,Bordeaux,1989
\rBZK_e{=S,Stress,Royaume-Uni,Londres,
[VCHO3P=V<,Stromae,Belgique,Bruxelles,2000
DZ]ge[wCkl,Strup X,France,Rennes,
gNx\4PGcgy,Sttellla,Belgique,Bruxelles,1975
cxMf29mSZP,Stuck in The Sound,France,Paris,2002
|QCHf}TXYC,Stupeflip,France,Paris,
fxbCSbrG8n,Stuurbaard Bakkebaard,Pays-Bas,Eindhoven,1996
r]exij?X4<,Subject 13,Royaume-Uni,Londres,
vWg87UkZJ^,Subsonic Legacy,Royaume-Uni,Londres,
Nwt\@SJ9PI,Subversive Boy,France,,2004
0z4GoxNeYq,Success,France,Rennes,2006
rTo_CzbtC\,Sucette Buvard,France,Rennes,
VI~YvDSrfm,Suckafish P. Jones,Australie,Brisbane,2005
2z4BoNdwAU,Sudden Death of Stars,France,Rennes,2008
YB<[1vmZvB,Suede,Royaume-Uni,Londres,1989
OLB~:cVvJP,Sugar,Etats-Unis,Washington DC,1992
xB?QJM;AO2,Sugarman 3,Etats-Unis ,New-York,
?cH2o|WTSe,Sugar Ray,Etats-Unis,Newport Beach,1992
z>ehz|_gF>,Suicide,Etats-Unis,New-York,1971
lG|f`;^?Up,Suns of Arqa,Royaume-Uni,Londres,1979
2lzM3Ae|Sk,Super Collider,Royaume-Uni,,
NR\kef1f\H,Superets,France,Rennes,2011
tY~uypli[{,Superets Sound System,France,Rennes,2011
7<pFaE5T<B,Superpoze,France,Caen,2010
Oi[}xoHFt`,Superthriller,Royaume-Uni,,
L0DS@pnfvj,Surfing Leons,Belgique,,2005
~2LipG1U8w,Surkin,France ,Paris,2005
HBBbEzx4M=,Suv Follow The Sun Live Project,Royaume-Uni,Bristol,
Ak@45zOMx_,Suzujia,France,Dinan,
~NEN40ZZF;,Sven Löve,France ,Paris,1993
kr^5q91tCL,Svinkels,France,,1997
o51_J}EWpC,Swami,Royaume-Uni,Birmingham,
nqAS`SiVT|,Sweet Back,France,Angers,
;WrqCx5@\Y,Switch,Royaume-Uni,,1999
E\;K~N64J~,Symbiz,Corée du Sud,,2009
?P70cfD5}M,Systema Solar,Colombie,,2006
PPdCsfC;d=,T5A,France,Rennes,
Ru4fO[ZR0C,Tabou,France,Paris,
3Z0vR:cP=1,Tab Two,Allemagne,Dortmund,
p?G`gmZgU\,Tahiti 80,France ,Rouen,1993
zUJ;w9e<p],Tales,France,Lyon,1980
WAfdViqMBp,Tali,Nouvelle-Zélande,,
mIcIULXDJ`,Tal Stef,France,Strasbourg,Fin 1980's
SZFtLJ=xXR,Tanger,France,Paris,1994
GHyIAy:?:d,Tango Lüger,France,Beaune,
gU]tY46nER,Tao Paï Paï,France,Rennes,
_tWBcLsaJT,Tarik & Djamel,France ,Rennes,
Q_ZOK`7?4H,TaÿFa,France,,1993
fHuudUkiBf,TC Matic,Belgique,Ostende,1980
anWMqGL5d[,Team Ghost,France,,2007
=e{F8`6zYH,Techno Animal,Royaume-Uni,,
0P{ahymIsj,Teddybears STHML,Suède,Stockholm,
[=zJDik4=b,Ted Milton,Royaume-Uni, Londres,
=@u3<Amxbi,Ted's Red,France,Paris,
mIRKy}eiDe,Teenage Bad Girl,France,,2005
@Q^]Ih[>h?,Tekameli,France,Perpignan,
e=_g2j6HH<,Temple Roy,Royaume-Uni,Birmingham,1993
_:2r5dw3{Z,Ten Walls,Lituanie,Kaunas,2013 / 2007 sous le pseudo Mario Basanov
qz{c29}pqW,Tepr,France ,Morlaix,
tY[Or2p080,Terminal Buzz Bomb,France,Rennes,1994
kOtW6ZSJ@e,Terminalhead,Royaume-Uni,Londres,1996
v>[gK7|o5t,Terranova,Allemagne,,
l^m8VbH48b,Terry Lynn,Jamaïque,Kingston,2005
5wE6Z9jrdf,Terry Mullan,Etats-Unis,Chicago,1983
h`l\91g:aX,Test Department,Royaume-Uni,Londres,1981
[xYt\3j8K2,Teyss,France,,
nVVM{{FpvD,That Petrol Emotion,Royaume-Uni,Londres,1984
cQlQze~WSM,The 1969 Club,France,,2009
sYJ~Xy2_we,The Agitator,Royaume-Uni,Londres,2009
Wl3WAZW;sb,The All Seeing I,Royaume-Uni,Sheffield,
{hYPJ`gM4T,The Aloof,Royaume-Uni,Londres,1990
WiIX[@\Sff,The Arsonists,Etats-Unis ,New-York,
v@kP@_[5_|,The Avener,France,Paris,2013 / 2004 sous un autre pseudo
OZKu4tD^[e,The Band of Holy Joy,Royaume-Uni,Londres,1984
6l[zo>9ELI,The Bays,Royaume-Uni,,
9TJ=CO\];`,The Beat Junkies (feat. J-Rocc & Babu),Etats-Unis ,Orange County,
dPSjqnL;bL,The Beatnigs,Etats-Unis,San Francisco,1987
GOXkNnfQ?m,The Bellrays,Etats-Unis ,Riverside,
[fgcLEW8Y@,The Bewitched Hands of the Top of our Heads,France,Reims,2008
_;eJnK]6iy,The Binary Folks,France,,
O{tPqOn^n0,The Bird Is Yellow,France,Rennes,2007
QvWACqDqn],The Bishops,Royaume-Uni,Londres,2002
Oy;Q=5rva4,The Black Angels,Etats-Unis ,Austin,2004
osW452hg^c,The Bloody Beetroots,Italie,,2006
qycJrV:cdj,The Bonaparte's,France,Paris,
_D{0o>:ixb,The Bongolian,Royaume-Uni,Londres,
Uj2wRIy=fe,The Boogie Brothers Blues Band,Royaume-Uni,,
]N46FvUy_{,The Books,Etats-Unis ,New-York,2000
g9^{wyubaU,The Brian Jonestown Massacre,Etats-Unis ,San Francisco,
3057gRsY=e,The Carps,Canada,Toronto,2005
~qr;KH^8>I,The Chemical Brothers,Royaume-Uni,Manchester,1989
^NsERfw?ak,The Count and Sinden Soundsystem,Royaume-Uni,Londres,2008
T<THi@iQ^|,The Craftmen Club,France,Guingamp,
DvACQ@Q_:l,The Cropdusters,Royaume-Uni,Lymington,
6FO7M[S\jx,The Crystal Ark,Etats-Unis,,2010
3Ed05F;uAw,The DeathSet,Etats-Unis,,2005
}F7fzh0l3>,The Delano Orchestra,France,Clermond-Ferrand,2005
:N7y0tk0QO,The Delta 72,Etats-Unis,Washington DC,1994
nFnPEB3UE0,The Deltones,Royaume-Uni,Londres,1984
}]So5[wF;K,The Dick Nixons,Etats-Unis,La Nouvelle Orléans,
pCl_pdZLKH,The Dirtbombs,Etats-Unis ,Detroit,
qRQmsO5`IL,The Disposible Heroes of Hiphoprisy,Etats-Unis,San Francisco,1990
lEl4dpzRt=,The Dø,Finlande,,2004
i5~DVBOIve,The Driven,Irlande,,
4|m19zvsR`,The Driver,France,,2001
6v]feW4B~>,The Egg,Royaume-Uni,Oxford,Début 1990's
cQ^0gXHB6`,Thee Gloomies,France,Rennes,
4pbmB79wcd,The Enchanted Wood,France,Rennes,2008
T56EiR4s?],The Faint,Etats-Unis ,Omaha,
22rpNgoVf{,The Fall,Royaume-Uni,Manchester,1976
HofnBOm{EB,The Feelies,Etats-Unis,Haledon,1976
14x1:=0Me5,The Field,Suède,Stockholm,2003
F\PRKKa>2I,The Film,France,Reims,
b?:xc=`M=j,The Flying Steps,Allemagne,Berlin,
ijj<abrbJ0,The French Cowboy & The German Dudes,France,Nantes,
p0f8zA?>iS,The Fugees,Etats-Unis ,New-York,
6b>7YF=Y=m,The Gaslamp Killer,Etats-Unis,San Francisco,2004
oL9^cM43tG,The Glass DJ's,Etats-Unis ,New-York,
php3I3iu7},The Glass,Etats-Unis ,New-York,2003
G?UjGsbhi>,The Glimmer Twins,Belgique,,
XL@Su9Q]Um,The Glitch Mob,Etats-Unis ,,2006
tD6L]|mMsk,The Grief,France,Saint-Malo,
pra4:F900:,The Guests Only,France,Saint-Malo,2008
xpGx\jqheZ,The Hacker,France,Grenoble,1993
5KS]JYeDE4,The Hangovers,Royaume-Uni,,
YouL8U_UXU,The Heavy,Royaume-Uni,Noid,2006
=1py86CT3F,The Hidden Cameras,Canada,Toronto,
Jw9nUb55BZ,The Honeymoon Killers (Les Tueurs de la Lune de Miel),Belgique,Bruxelles,1977
2xDA?ii=1F,The Horrors,Royaume-Uni,Londres,2005
sfo9eGXmxA,The Infadels,Royaume-Uni,Londres,
9ydr\pysY\,The Inspector Cluzo & Mates,France,,2007
;GqQ^Bta{c,The Inspirational Choir,Etats-Unis,Washington DC,
D|WmehbwAx,The (international) Noise Conspiracy,Suède,,
MXfqbRT23m,The Japanese Popstars,Irlande ,Derry,2006
{3K_|Lw?6q,The Jazz Butcher,Royaume-Uni,Northamptonshire,
\bU2kO9I:n,The Jesus Lizard,Etats-Unis,Chicago,1987
qmq4keUl}Y,The Juan McLean,Etats-Unis ,New-York,
FJ5L7JobxL,The Lanskies,France,Saint-Lô,2006
86WVt?SuT],The LA's,Royaume-Uni,Liverpool,1983
:hUQGwRcu;,The Last Poets,Etats-Unis,New-York,1968
;<aKYl@:QT,The Legendary Tiger Man,Portugal,Lisbonne,
`|kOPvxvM\,The Little Rabbits,France,La Gaubretière,1988
Tps}_p`4B1,The Living,Royaume-Uni,Londres,
aqnH09`ej`,The Long Blondes,Royaume-Uni,Sheffield,2004
MIL1E3A=ZE,The Make-Up,Etats-Unis,Washington DC,1995
qD5GA5<i_Y,The Married Monk,France,Rennes,1993
E_W6uuQNDz,The Men They Couldn't Hang,Royaume-Uni,Londres,1984
5{e_?fPdK7,The Midnight Beast,Royaume-Uni,,2009
r]:o9tA|Fc,The Mighty Bop,France,,
9U5QyPedZZ,The Mighty Lemon Drops,Royaume-Uni,Wolverhampton,1985
Q<2bqI>x]>,The Mike Flowers Pops,Royaume-Uni,Londres,1993
u=p8i@16hK,The Miracles Club,Etats-Unis,Portland,2009
U^]jsBl3c0,The Mission,Royaume-Uni,Leeds,1986
;Ke8W]:b`|,The Mitchell Brothers,Royaume-Uni,Londres,
UbohLRixKh,The Muscle Shoal,Royaume-Uni,Londres,
SREz@5v7_`,The Narcicyst ,Irak ,Montréal,2000
ndPloT3_FW,The Nextmen,Royaume-Uni,Londres,
xFRzJCN}<s,The Octopus,France,Douarnenez,2009
{awVwlYf]U,Théo Gravil,France,Rennes,2008
F>k>rAtux:,Théo Hakola,Etats-Unis,Spokane,1980
P9x9yE2\hX,The Orb,Royaume-Uni,Londres,1989
A7\73F3ycj,The Orchestra,Royaume-Uni,,
JOxQqpQz=0,The Outlines,France,Marly-le-roi,1981
W:rk|7D[S`,The Pack A.D.,Canada,Vancouver,2006
cc9@;R{RB],The Pale,Irlande,Dublin,1990
C8Iqd96s}n,The Penelopes & Morpheus,France,,2002
zU>w;j5De@,The Phantom Band,Royaume-Uni,Glasgow,2002
U0>yyM[4Qm,The Phenomenal Handclap Band,Etats-Unis,New-York,2005
ad{2x{8LzX,The Poet Generation,France ,Rennes,
1uK}IXIaCc,The Politics,Danemark,Hovedstaden,
oo\n35:>qt,The Popopopop's DJ Set,France,Rennes,2007
Kl[K3;yDhp,The Popopopops,France,Rennes,2007
_S|b^qPFHS,The Presidents Of The United States Of America,Etats-Unis,Seattle,1993
pULNU{rH{D,The Prisoners,Royaume-Uni,Chatam,1982
]CMtMn0@Q{,The Prodigy,Royaume-Uni,Braintree,1990
[MNN45OEzH,The Propellerheads,Royaume-Uni,Bath,1995
T]RZ=p31Ph,The Proxy,Russie,Moscou,2005
LaJCbsBCJD,The Psychonauts,Royaume-Uni,,
vdFiuuldya,The Purple Helmets,Royaume-Uni,Londres,1983
jH=;GGlazT,The Rakes,Royaume-Uni,Londres,
SRAekm>g3Y,The Real Tuesday Weld,Royaume-Uni,Londres,
p^qIF}fNiS,The Red Goes Black,France,Douarnenez,2012
BA5rN?\2[],The Residents,Etats-Unis ,Shreveport,1969
E>Y_;8_0KK,The Right Ons,Espagne,,2006
CNmpO]7;P9,The Ringo Jets,Turquie,Istambul,2011
c97BMceR9t,The Roots,Etats-Unis,Philadelphie,1987
rMFFha5gkc,The Same Old Band,France,Lorient,2011
e8V18BdVgX,The Scratch Perverts & Second to None,Royaume-Uni,Londres,1996
:{t`Nz7I<H,The Screaming Blue Messiahs,Royaume-Uni,Londres,1984
`1poKnbE4|,The Shakers,France,Rennes,
q3OARt9H[a,The Shamen,Royaume-Uni,Aberdeen,1985
F5:V?bfbEW,The Shoes,France,Reims,2007
v@\lKr[pC@,The Skins,Etats-Unis,,2011
X4GxyGO46S,The Slow Sliders,France,Brest,2010
A0a37~^^]j,The Sons of Silence DJ's,Royaume-Uni,,
?IZ<:druYA,The Soup Dragons,Royaume-Uni,Glasgow,1985
3v[vOLxpS^,The Squares,France,Nancy,
T~5R;V;1Rf,The Stairs,Royaume-Uni,Liverpool,1991
wmQH?j>T9V,The Stooges Project (feat. J Mascis),Etats-Unis ,Ann Arbor,
ST@nxy:81y,The Storm & Jazzy Project,Allemagne,,1996
4i@X]2AYun,The Strut Players DJ's,Royaume-Uni,,
5<kf{G]JqY,The Struts,Royaume-Uni,Derby,2009
?@d1cL=X0P,The Sugarcubes,Islande,Reykjavik,1986
~yq2FD\WH~,The Summer Of Maria False,France ,Rennes,2006
X>q9`da~vm,The Sunday Drivers,Espagne,Tolède,
h@a[4[yD\@,The Sunshine Underground,Royaume-Uni,Leeds,2004
Q6Sja4srDi,The Thrills,Irlande,Dublin,
}D5qRKTY]G,The Ting Tings,Royaume-Uni,Salford,2006
;=qD]35fs<,The Toxic Avenger,France,Paris,2006
<]CdCoGKCz,The Travellers,France,,2007
joEW5;4Z[<,The Truth,Royaume-Uni,Londres,1982
>c8wl^LEMQ,The Twelves,Brésil ,Rio de Janeiro,
1:MXM_X2I[,The Undertones,Royaume-Uni,Derry,
jLL0>s^Q9A,The Very Best,Malawi,,2008
e|T~aw21Cj,The Vienna Vegetable Orchestra,Autriche,,1998
{]wiiLw2Kh,The View,Royaume-Uni,Dryburgh,2005
_pI4<^wBx6,The Wankin' Noodles,France,Rennes,2005
U[vj3ovuIp,The Washington Squares,Etats-Unis,New-York,1983
\8ebVSGbaw,The Weather (feat. Busdriver, Daedelus & Radioinactive),,
<ZrqvrJR>U,The Whip,Royaume-Uni,Manchester,2005
|pzD9Yfod0,The Whitest Boy Alive,Norvège,Berlin,2003
;Zau2=UTYr,The Wild Ones,Belgique,Bruxelles,
Dbgjdu]Is2,The Willowz,Etats-Unis ,Anaheim,2002
<sZIheC_M_,The Wiseguys,Royaume-Uni,Londres,1994
HCxE|]xEDv,The Woodentops,Royaume-Uni,Londres,1983
{lde1XT`>4,The Words,France,Nancy,
<w;sG~zuLe,The Young Gods,Suisse,Fribourg,1985
p0?7GUUAO6,Thievery Corporation,Etats-Unis ,Washington DC,
Ujz7><{9{v,Thony Maskot,France,,
Ci|HS{wihZ,Thumpers,Royaume-Uni,,2012
:E]vFBK2Me,Thylacine,France,Angers,2012
lcCF^OfLmn,Ticket,France,Nantes,1979
3N4G?37Vj;,Tiefschwarz,Allemagne,Berlin,
8tGGh9g5Xs,Tiga,Canada,Montréal,1980's
ppmEmqUf82,Tiger & Woods,Italie,,1993
^e_[U6QQu{,Tiloun,France (Réunion),,Début des années 90
lETddf?Rf?,Tim Exile,Royaume-Uni,,1999
3ZT:6sq{tz,"Tim ""Love"" Lee",Royaume-Uni,Londres,
>=|U}bdL:9,Tim Wright,Royaume-Uni,York,
Fnqel`oBBp,Tinariwen,Mali,,
`ZU3>RD@VS,Tiny Masters Of Today,Etats-Unis,New-York,2005
rJOb;d8}LO,Tipsy,Etats-Unis,San Francisco,1995
qq>}HlTYk?,Titan,Mexique,,
6p7_QfQML^,TNGHT,Canada,,2011
oCX]qdZlAX,Tobo et les Flammes,France,Rennes,
]GdGlny{vp,Todd Terje,Norvège,,2001
w>bxZP8Onk,Tohu Bohu,France,Rennes,1977
Z9P;Gonr1E,Tom Bouthier,France,Rennes,1987
w7q;7UYtG9,Tom Mc Rae,Royaume-Uni,Londres,
_lzzH<4kLt,Tom Violence,France ,Rennes,
5N]~tHoe90,Tonino Carotone,Espagne,,
lxNZi?_sIR,Tony Allen,Nigéria,,
MygMy[@oOZ,Tony Joe White,Etats-Unis,Nashville,1968
:?Fd2RlbE`,Tony Truant,France,Paris,1980
;<jiLTK91H,Too Many Zooz,Etats-Unis,New-York,2013
UWV@JP^\f[,Tortoise,Etats-Unis,Chicago,1993
@nI96R@56Z,Totally Enormous Extinct Dinosaurs,Royaume-Uni,Oxford,2007
9{`h8z[o0R,Toups Bebey & Pact,Cameroun,,
KCyeosXAh3,Trachtenburg Family Slideshow Players,Etats-Unis ,New-York,
egE:U5GJgz,Tragically Hip,Canada,Kingston,1983
3fDkD2:MKM,Transformer,Royaume-Uni,Brighton,2005
m~8u03k7{M,Transglobal Underground,Royaume-Uni,Londres,1990
zA<=j9@_a\,Trap,France,,2009
55Ki{p[\Bb,Treponem Pal,France,Paris,1986
dL_U8i}g=r,Treva Whateva,Royaume-Uni,,
J31H9t500J,Tribeqa,France,,2002
<XQ\WV8b?3,Trio Erik Marchand,France,Bretagne,1988
sx0Nl}b6Dm,Trotskids,France,Rennes,1982
ri{rRS<s}3,Trumystic Sound System,Etats-Unis,New-York,
qrTjS?F=mU,Tryo,France ,,1995
F:~H0k4AJm,TTC,France,Paris,
ayBkS5{yz:,Tumi Mogorosi,Afrique du Sud,,2ème moitié des années 2000
1o~6JZM~Zn,Tunng with Buck 65 & Serafina Steer,Royaume-Uni,Londres,2003
;Trp96`@jE,TVC 15,France,Rennes,
uh6jSG6K}|,TV Glory,France,Lille,2008
2j0V2t;Ps;,Tweed,France,Rouen,
IP7;fMj4F`,Twenty Miles,Etats-Unis,,1996
9b}@p5>z^H,Twisted Charm,Royaume-Uni,Londres,2004
P_~pELOg`^,Ty,Royaume-Uni,Londres,Milieu 1990's
@ROd^i;E]^,Ubik,France,Rennes,1981
s\wft21V0l,Ugly Duckling,Etats-Unis ,Long Beach,
wfIF=uFJ=?,Ulan Bator,France,Paris,1993
{Ye_}y5GGK,Ultimate High (vs Pills en invité surprise),France,,
Xc]{0::{S`,Uminski,France,Paris,
lnSoauvQQP,Underground Resistance,Etats-Unis,Detroit,1989
uk`eE_;XV{,Unholy Trinity,Royaume-Uni,Londres,
GdNFD[PsBy,Urban Dance Squad,Pays-Bas,Utrecht,1986
Pu1C5Ic6x{,Ursula Rucker,Etats-Unis ,Philadelphie,
mnzM;foyr:,US3,Royaume-Uni,Londres,
|sU>Q{IKpt,Useless,France ,Lille,
Ae3lTDKPfS,U.V. Jets,France,Brest,1977
IjkLCQC\45,UZ,France,,2012
1{5?^2Ffu{,Vaudou Game,Togo,Lomé,2013 / 1998 pour Peter Solo
?`F4tUor`7,Vein,France,Rennes,
B\DrCb2FYC,Velvet Two Stripes,Suisse,,2011
:QIYn4b>qM,Vendetta Palace,France,Paris,1985
;7ba7Yp[>D,Ventre,France,Nice,1983
WuvvLodp@2,Venus,Belgique,,
SfV|;5}iav,Venus de Rides,France,Rennes,1987
tyPQs=;UPE,Véra Bila & Kale,République Tchèque,Rokycany,
GSS1P}Ui{J,Verska Vis,France,Rennes,1986
ioT{7R@X]f,Verveine,Suisse,Vevey,2010
GHgkNiJdl|,Vibeke Hansen,Danemark,Copenhague,
SgFfQbn8uD,Vibrastone,Japon,Tokyo,1988
oIA[awtIrK,Vic Chesnutt,Etats-Unis,Georgie,1985
vwuQT}kKOx,Vilify,Canada,Montreal,Milieu des années 2000
aYV?JA?vya,Villanova,France,Marseille,2009
XNi:|1[M<I,Vinnie Who,Danemark ,Copenhague,2006
A8}rBR5r<_,Virago,France ,Grenoble,1996
jOixX0LT;?,Vitalic,France,Dijon,
v_|4<K>n5q,Vitalic VTLZR,France,,2000
b1U2gU8u;R,Viva Voce,Etats-Unis ,Portland,1998
OlrchIQN<g,VKNG,France,Paris,2013
i3Ec;{yIx7,Voice of the Beehive,Etats-Unis,Laguna Beach,1986
^FHPf^7LzL,Volta & Fx 909,France,Paris,
9<ch>upXfp,Von Magnet,France,Paris,1985
?a8yj?3x`M,Von Pariahs,France,Nantes,2009
dj~RRe7[e9,Vrelo,Serbie,,2004
qJDnvOjcNO,V.V. Brown,Royaume-Uni,Londres,
ElH`okC>pB,Wagner Pa,Brésil,Barcelone,
KoWUKNo9re,Wai,Nouvelle-Zélande,,1999
w}~@artQU@,Wakal,Mexique,Mexico,
~s5McyJP8|,Wang Leï,Chine,,
KiKifT;8t<,Wanted Posse,France,Lognes aux Segrais,1988
zknJn8\w?c,Wart,France,Rennes,
uNk_gJ[diY,Washington Dead Cats,France,Paris,1984
8J<XhFJocY,Wax Tailor,France,Vernon,
PomxsvRqWX,Wayne Kramer,Etats-Unis,Detroit,1964
d|V<xU|z[K,We Are Standard,Espagne,Bilbao,2006
5ynzgVfcG6,We Are Van Peebles,France,Rennes,2010
fK38~~@uHA,Ween,Etats-Unis,Philadelphie,1984
KzWj6\vHAV,We Have Band,Royaume-Uni,Londres,2006
Y`bjcQ~wVn,West Indies Desire,France,,2007
~5UGZXEK<Q,Wet Furs,France,Bordeaux,
NTctRbGY\F,White Rabbits,Etats-Unis ,New-York,2004
U955W:O~PW,Who Made Who,Danemark,,
x<LyAOS?Dk,Whore,France,Rennes,
NvptR_l1D=,Why Ted?,France,Laval,
i|f_mF?=wA,Wife,Irlande,,2012 / 2006 dans Altar of Plagues
fZ>i5CU16J,Wild Child,France,Marseille,1975
Av>F`1pqRk,Wild Swans,Royaume-Uni,Liverpool,1980
zL]4=iUBvw,Wilkimix,France,,2000
yeEy0Eh9\p,William Vivanco,Cuba,La Havane,
\EwQ[Z6FtB,Willie Cortez,France,Paris,
v@15\4njkw,Will T.Massey,Etats-Unis,Austin,
8DbglOS]t8,Winston MC Anuff & The Bazbaz Orchestra,Jamaïque,,
?pJ?zcWO{z,Witty Crew,France,Rennes,2006
Qm\Rt9Y8u@,Wolf People,Royaume-Uni,Londres,2006
7o[;mUQIY0,Wonderboy,France,Rennes,2007
YE<\:O<w{J,Wooden Shjips,Etats-Unis,San Francisco,2006
x>[rBk}\?L,Woodentrucks,Belgique,Bruxelles,
;@IT?Se?H1,World Domination Enterprises,Royaume-Uni,Londres,1984
\?7n5CyWrk,World Party,Royaume-Uni,Londres,1985
A;OngihSfR,Wroomble Experience,France,Nancy,1987
N]IdY1<B28,WU LYF,Royaume-Uni,Manchester,2007
FC6n?htcCJ,Wylde Bunch,Etats-Unis,Los Angeles,
~[<qT_\;]l,X Makeena,France,Rennes,2002
<;X<:A~SnA,X-Ray Pop,France,Tours,
vfG>ua5P>z,Yann Tiersen,France,Brest,
N[Z95<P\]0,Yann Tiersen & Shannon Wright,France,Brest,
Ey6JWNhuhC,Yargo,Royaume-Uni,Manchester,
IdZiT]bRfo,Yat-Kha,République de Tuva,,
h_l=o|BRS;,Yo Majesty,Etats-Unis,Tampa,2000
lDq0P^e^x:,Yosh,France,Toulouse,
WO`yR8hDS@,Young Drills,Russie,,
zm8~N9[QdY,Yuksek,France,Reims,2002
0cMQh]|l1t,Za!,Espagne,Barcelone,2003
^V`2;Y4OVL,Zak Laughed,France,Clermond-Ferrand,2007
eSX[`DAQHk,Zammuto,Etats-Unis,,2011
s^k7}dnjdW,Zam Rock,Zambie,,
CgLZ5XX^b:,Zao,Congo,Brazzaville,1967
C==D23aw[1,Zazou Bikaye,France,,
co5oNYiLdm,Zebda,France,Toulouse,1985
|rwr}H:b}a,Zeds Dead,Canada,Toronto,2009
HzB`uBW]kh,Zeljko Kerleta & The Space Runners,Serbie,Belgrade,
dxVC|a[[h:,Zero 7,Royaume-Uni,Londres,
BQPp^}QX3B,Zero DB,Norvège,Londres,
WTk|A4fcM[,Zero,France,Rennes,
u5:z4AlVzl,Zimpala : Bnx & Walter,France,Bordeaux,
85E>fA30uX,Zion Train,Royaume-Uni,Londres,1990
4^9y`3Br^@,Zodiac Mindwarp & The Love Reaction,Royaume-Uni,Londres,1985
i@~_W_ovs`,Zombie Zombie,France,,
RT0p?_DZSC,Zomby,Royaume-Uni,Londres,2006
e7zBWG8[2y,Zong,France (Réunion),,1996
YNc>j`AQ:u,Zoolander,Russie,,
XJ^sGrN8RK,Zoot and The Roots,Royaume-Uni,York,
bVYEL8GLKc,Zuco 103,Pays-Bas,Amsterdam,
